params,molecule,choice,fails,time,weight,logp
40 domWdegRandom true false 2 1 1800 3750 4250 -400 -300 1 3 true,Br[C@H]SSc1n[nH]c(F)c1[TH+]=C(Br)TTOC(TT)F,4627,2237,722350,3800,-318
40 maxMarginalStrength true false 2 1 1800 3750 4250 -400 -300 1 3 true,C1CC(C(CC(CCTCOCCTCOCCTCCTCOCOC)CTCl))CC1,56,10,76205,4045,-329
40 domWdegRandom true false 2 1 1800 3750 4250 -400 -300 1 4 true,IS[TH+][N+]SCN(X)[N+]1(SC(C(Br))C1)T[TH3+],620,278,138776,4041,-334
40 maxMarginalStrengthLDS true false 2 1 1800 2750 3250 -200 -100 3 4 true,FOC1CC(C2TC(CCTC(OCCTC))C3(TCOC3)TC2)OC1,86,8,100917,3000,-140
40 domWdegRandom true false 2 1 1800 2750 3250 -400 -300 1 4 true,N1[TH+]=C(TTN=N[C@](=C(C#C)(F))Br)CSSTO1_,2065,972,432587,2951,-308
40 domWdegRandom true false 2 1 1800 3750 4250 100 200 1 2 true,BrTN=NTN=[N+](C1CT1)[C@](C)=C=NC[C@@H]OSI,339,144,124314,4169,100
40 domWdegRandom true false 2 1 1800 1750 2250 -200 -100 2 3 true,Tc1onc(T(T(T)))c1[C@@H][C@@H]Oc2cc[nH]n2,3198,1534,853182,1760,-106
40 domWdegRandom true false 2 1 1800 2750 3250 100 200 2 2 true,[N+]TTc1c[nH]nc1Oc2cc(Cl)c(CF)n2ST[C@H]TF,27,1,43666,2916,100
40 domWdegRandom true false 2 1 1800 3750 4250 -200 -100 2 2 true,Ic1ocnc1TN=[TH+]SC(C=C2(Cl))=C2[N+]SS[N+],75,24,38568,4197,-111
40 domWdegRandom true false 2 1 1800 3750 4250 100 200 3 4 true,C(X)S[C@@]TN=NN(SBr)c1oc(CN2(C3CS3))c2c1C,1057,479,395066,3792,191
40 domWdegRandom true false 2 1 1800 2750 3250 -200 -100 3 4 true,[TH+]Cc1n(X)nc(Cl)c1CS[N+](CN2(N3TC3))N2Cl,30,3,21325,2801,-147
40 domWdegRandom true false 2 1 1800 2750 3250 100 200 3 3 true,CN=[N+](R)c1c(O[TH+]2(c3cocc3I))c2[nH]c1,144,62,71847,3139,112
40 domWdegRandom true false 2 1 1800 2750 3250 -200 -100 3 2 true,IN1SSS[N+]2(TC3([N+]=[C@H]3)[C@@H]TO2)T1,1265,586,621020,3192,-110
40 maxMarginalStrength true false 2 1 1800 1750 2250 -200 -100 3 4 true,CTCC(C1TC(C2=CTTC2)C(C3C=C3(OTC))=C1)C__,43,3,153852,2140,-100
40 domWdegRandom true false 2 1 1800 3750 4250 100 200 3 4 true,[N+]1(TN1)=NN=Cc2sc3c(C(STBr)T3)c2C(Cl)=NBr,30,1,48587,4145,103
40 maxMarginal true false 2 1 1800 1750 2250 100 200 1 2 true,T(C(C=C=C=C=C=C=C=CCCCC=C)C)TC1TTTC1____,39,0,96544,2200,103
40 domWdegRandom true false 2 1 1800 1750 2250 -200 -100 1 4 true,N(=T)[TH+]=CN([TH3+])TOC1(S[C@@H]C1)N(Cl)R,28,0,46081,1796,-196
40 maxMarginalStrengthLDS true false 2 1 1800 0 5000 -400 500 1 4 true,C1CC(SC(TCTC(TC(CCCCCCCCCCCCCCTC)))C)TC1,191,16,202927,3661,391
40 domWdegRandom true false 2 1 1800 2750 3250 100 200 3 3 true,XSCCOc1[nH]c2c(CC2(SC))c1N(ST3)N3[N+]#CF,251,101,144811,3163,137
40 domWdegRandom true false 2 1 1800 1750 2250 -400 -300 1 2 true,Rc1n([TH+](Cl))ccc1S[TH+]=NT[C@][N+]=NC#N,323,137,110167,2136,-341
40 domWdegRandom true false 2 1 1800 3750 4250 -400 -300 1 3 true,RSS/N=C(N1[C@]SN([C@]SI)C1(=[TH+]C#N))/C,4958,2396,726306,3893,-312
40 domWdegRandom true false 2 1 1800 1750 2250 100 200 1 3 true,Rc1occ(N(=T))c1[TH+]=C[TH+]C(=CCCCCR)C#N,2788,1329,1018143,2000,102
40 domWdegRandom true false 2 1 1800 3750 4250 100 200 1 2 true,S=C[C@@H]N=[TH+]c1ocnc1OC(Br)(Br)S[C@]=NTR,282,116,83049,3860,177
40 domWdegRandom true false 2 1 1800 2750 3250 -400 -300 1 4 true,Cl[N+](R)[N+]1(C=C[N+]1(F)(TCTCOBr))CCOC#N,1042,477,237573,3164,-323
40 domWdegRandom true false 2 1 1800 3750 4250 100 200 1 2 true,[C@]=[C@@H][N+][TH+]SSTN(SC)Sc1cc(Br)cn1Br,48,12,41211,4222,149
40 domWdegRandom true false 2 1 1800 3750 4250 -200 -100 2 2 true,RST[N+](OC1(=CCl))C1Cc2nn[nH]c2N=CT[C@@]I,794,359,247541,3835,-118
40 maxMarginal true false 2 1 1800 0 5000 -400 500 1 2 true,C(CCCOCC(CCCCCOCTCSCCC)CCCC)TCTCC1TCCTC1,41,0,101421,4261,335
40 maxMarginalStrength true false 2 1 1800 2750 3250 -400 -300 2 2 true,C1CC(CTOC(CC#CC#CC#CCOC#C)CTC2TTOCC2)TC1,54,10,76657,3080,-303
40 maxMarginalStrength true false 2 1 1800 2750 3250 -200 -100 1 2 true,CTCC(C(=C=CTTC=CC#CC#CCTCOC=C=CC)TCC1)C1,40,0,86663,2900,-164
40 domWdegRandom true false 2 1 1800 0 5000 -400 500 2 4 true,BrCTN=[C@H]S(=O)(=O)/C(c1sc2c(TS2)c1)=N\C,24,0,55264,3332,139
40 domWdegRandom true false 2 1 1800 3750 4250 -200 -100 3 3 true,BrC(R)[N+]C[TH+]Sc1scnc1N(TBr)C2(C3CC3)TS2,4467,2152,861985,4171,-115
40 domWdegRandom true false 2 1 1800 1750 2250 -200 -100 3 2 true,Br\C(c1c2(TC[C@@]2)ncc1C3TT3)=[C@]\[C@@H],2775,1321,684043,2209,-194
40 maxMarginalStrengthLDS true false 2 1 1800 1750 2250 -200 -100 1 2 true,C#CC(C(C=C=C=C=CTTCTCTCC1TC=NC1))C______,42,1,91387,2230,-167
40 maxMarginalLDS true false 2 1 1800 0 5000 -400 500 1 4 true,C(CCC1CC(CC(CC(CTCCSCC)COCTCTCTC))TC1)C_,273,20,278891,3541,189
40 domWdegRandom true false 2 1 1800 1750 2250 100 200 1 3 true,X\[N+](c1[nH]ncc1OO[C@@H](C(R))TTCCl)=C/O,436,195,117513,2175,127
40 domWdegRandom true false 2 1 1800 3750 4250 -200 -100 2 2 true,XCSc1ocnc1S[C@][TH+]N(OC2[C@]C2)C(=O)TI_,1430,667,318273,3851,-141
40 maxMarginalStrength true false 2 1 1800 1750 2250 100 200 1 2 true,C=CC(C(C=C=C[C@]TTCTOTOC1TC=CC1))C______,91,27,114298,2180,129
40 maxMarginalStrengthLDS true false 2 1 1800 1750 2250 -400 -300 2 2 true,FTCC(CTOC(C1OC=[C@@]1)=NTTC2TCN=C2)=C___,664,61,1051651,2220,-333
40 domWdegRandom true false 2 1 1800 0 5000 -400 500 1 3 true,c1csc(R)c1OO/N=C(OO([TH+]\C=N\O))/[C@@H],27,1,24598,2311,-99
40 domWdegRandom true false 2 1 1800 2750 3250 -200 -100 1 2 true,RTSTc1nnc(S([N+][TH+][C@]C=CC#CCC#CCl))o1,253,104,136115,2857,-183
40 maxMarginalLDS true false 2 1 1800 1750 2250 -400 -300 1 4 true,C(C(C(C(C=C=C=C)C#CC=NC)TTC1TTTC1))C____,45,2,140075,2110,-301
40 maxMarginal true false 2 1 1800 1750 2250 -400 -300 1 4 true,C(C(C(C(C=C=C=C)C#CC=NC)TTC1TTTC1))C____,52,7,100066,2110,-301
40 domWdegRandom true false 2 1 1800 1750 2250 100 200 1 3 true,C#CTCO[C@@H][N+](=T)C(Br)([C@H]T1)[C@]1OX,188,81,56668,2169,119
40 domWdegRandom true false 2 1 1800 2750 3250 -400 -300 1 4 true,[TH+]STCSN(c1oc(R)nc1Cl)TCTC([C@](=C)F)CCl,2810,1337,952995,3162,-319
40 maxMarginal true false 2 1 1800 1750 2250 -200 -100 2 4 true,C1CC(C(C2CC(CC(COC=N[TH+]CTT))TC2))TC1__,117,42,130700,2220,-130
40 maxMarginalLDS true false 2 1 1800 1750 2250 -200 -100 2 4 true,C1CC(C(C(CC(CC2TTTC2)TC[C@]C)=C=C))TC1__,155,15,236585,2160,-117
40 domWdegRandom true false 2 1 1800 0 5000 -400 500 1 3 true,Br/[N+](OCC\C=N/[C@H]([C@H]S(C1SS1)))=N/O,280,113,89077,3312,3
40 domWdegRandom true false 2 1 1800 2750 3250 -200 -100 1 2 true,S=N[N+]C[TH+]TOSSS[C@]1(C([C@]F)C1)CCC#N,63,18,89812,3134,-106
40 domWdegRandom true false 2 1 1800 3750 4250 -200 -100 2 2 true,[N+]1(CO1)=Cc2cn([TH+])cc2OOOOOS[C@@H]CI,53,13,32660,3870,-150
40 maxMarginalStrengthLDS true false 2 1 1800 3750 4250 100 200 1 3 true,C1CC(C(OCTCCTCTC(CCOCC)CCOCCCCCCCTF))CC1,167,14,156046,4000,149
40 domWdegRandom true false 2 1 1800 1750 2250 -200 -100 1 2 true,Rc1onnc1[C@@]=NC#C[C@@](X)(T)C[N+]=NC=NF,81,26,34073,2210,-105
40 domWdegRandom true false 2 1 1800 3750 4250 100 200 3 4 true,ClSTc1[nH]c2c(SOS(=O)(=O)SSC2(C3CC3))c1CC,4488,2163,1038345,3830,192
40 maxMarginalLDS true false 2 1 1800 3750 4250 -200 -100 3 3 true,C1CC(CC(COC#CSC2OC(COC3OOSTTC3)OCC2))CC1,76,6,226436,3882,-123
40 maxMarginal true false 2 1 1800 3750 4250 -200 -100 3 3 true,C1CC(CC(CTCOCC2TCTC(SC#CN3CSCCC3)C2))SC1,272,117,169078,3833,-100
40 domWdegRandom true false 2 1 1800 0 5000 -400 500 2 4 true,R\C=[C@](N=[TH+]ON=C1(C(ON2(OBr))C2O1))\T,301,125,99381,2489,-295
40 domWdegRandom true false 2 1 1800 3750 4250 -200 -100 3 3 true,FOCc1nc([TH+](R)N2([C@]=COc3ncsc3I))c2o1,1079,493,327261,3800,-123
40 domWdegRandom true false 2 1 1800 2750 3250 100 200 3 3 true,c1nnc2([C@@]OTOS2(=O)(=O))c1Cc3cscc3C=CX,1063,486,298310,2912,111
40 maxMarginalStrength true false 2 1 1800 3750 4250 100 200 1 4 true,C1CC(C(CC(CCTCOCCTC)CC)CCOC(CCCCCTC))CC1,947,454,171354,3800,184
40 domWdegRandom true false 2 1 1800 1750 2250 -400 -300 1 2 true,Tc1[nH]nc(T\[N+]=C(OCCOSC#[TH+])/[C@])n1,1039,480,346987,2111,-381
40 domWdegRandom true false 2 1 1800 2750 3250 100 200 2 3 true,[N+]c1nsnc1TO/C(Br)=[C@](N2C(C=C)=CTO2)\O,2787,1322,650974,3180,111
40 maxMarginalStrength true false 2 1 1800 2750 3250 100 200 3 2 true,FSC1CC(C2TC(C=CC=CCOCC=CC3TTCTC3)CC2)TC1,40,0,109683,3201,119
40 maxMarginalStrengthLDS true false 2 1 1800 0 5000 -400 500 2 3 true,C1CC(CC(C(CCCCCOCTCCCCSC2TCTC2)CTCI))TC1,247,19,217925,4780,250
40 domWdegRandom true false 2 1 1800 3750 4250 100 200 2 4 true,X/[TH+]=C(c1snc(F)c1c2noc(N=T)c2N(Br)Br)\C,284,117,85065,3809,116
40 domWdegRandom true false 2 1 1800 2750 3250 -400 -300 2 2 true,c1n([O-])c2c(CSSSTO2)c1TCTC=[TH+]C[C@@]Cl,3419,1638,654714,2938,-304
40 domWdegRandom true false 2 1 1800 1750 2250 -200 -100 3 3 true,ROc1onnc1N(SC2(C3TT3)(TC))[C@@]2C[C@@H]_,1132,523,446811,2111,-135
40 domWdegRandom true false 2 1 1800 3750 4250 -400 -300 1 2 true,c1ocnc1TOO[TH+]CC[C@][C@](=C(CI)Cl)OTN=CX,703,318,164816,3854,-313
40 maxMarginalLDS true false 2 1 1800 3750 4250 100 200 3 3 true,C1CC(CC(C(CTCCTCOCC2CCCC2)TOC3SCSC3))CC1,50,3,148164,3842,174
40 domWdegRandom true false 2 1 1800 1750 2250 -400 -300 2 3 true,ClC/[TH+]=C(c1nccn2c1cnc2N(=CTT(T)))/[C@],1044,479,589412,2185,-348
40 domWdegRandom true false 2 1 1800 3750 4250 100 200 1 3 true,BrTc1occ(X)c1[C@@]N=NCC(I)O[C@](=T)[C@H]Cl,290,119,92132,4173,140
40 domWdegRandom true false 2 1 1800 1750 2250 -200 -100 2 2 true,c1[nH]c([O-])cc1Oc2scnc2[TH+]([C@]=T)TSX,1740,821,788804,2242,-116
40 domWdegRandom true false 2 1 1800 2750 3250 -200 -100 1 3 true,S1COTOT[N+](OF)(C#CC(=CBr)COX)[N+]1______,1047,479,411076,3010,-100
40 maxMarginalStrengthLDS true false 2 1 1800 2750 3250 -400 -300 3 3 true,FOC1CC(C2TCTC2(N(C=COC=CTT)C3OTCOC3))CC1,298,21,273637,2970,-306
40 domWdegRandom true false 2 1 1800 3750 4250 -400 -300 1 2 true,S1CN=C[C@][N+](OTSTTSC#C[C@](=C=CI))=CO1,885,408,217489,3972,-300
40 domWdegRandom true false 2 1 1800 3750 4250 100 200 1 3 true,FN(R)c1scnc1N(SCC[C@](=C)C=CTBr)[C@@H]SOX,641,282,141941,3842,135
40 domWdegRandom true false 2 1 1800 1750 2250 -200 -100 2 2 true,TN(CT[C@@](T[C@H]=NSS1)=C1[C@@]2)[N+]2SF,43,8,37099,2223,-151
40 maxMarginal true false 2 1 1800 3750 4250 100 200 2 3 true,C1CC(CC2CCOCC2(C(COCOC)CTCCCTCCCOCX))OC1,41,0,96535,3840,152
40 domWdegRandom true false 2 1 1800 0 5000 -400 500 1 2 true,O(CX)C[C@@H]([N+])STc1nn[nH]c1[C@@]#CTCC,29,0,36939,2241,-128
40 domWdegRandom true false 2 1 1800 2750 3250 100 200 2 3 true,c1oc2c(ON=NTON2)c1TN=NC[C@@](Cl)(C#CC#C)F,2787,1324,643047,2955,192
40 domWdegRandom true false 2 1 1800 3750 4250 -400 -300 1 3 true,N1TN=[C@](COCN([C@@](=CI)Cl)COC=NCl)TC=NT1,1750,815,395988,4039,-302
40 domWdegRandom true false 2 1 1800 3750 4250 100 200 2 4 true,O(N1TN1)N=NSc2cn[nH]c2[C@](I)(CCCC(C)Cl)R,4333,2085,700333,4135,122
40 maxMarginalStrength true false 2 1 1800 1750 2250 -400 -300 3 3 true,N#CC(C1TC(C2TC=NC2)C(C#CC3TTTOC3)=C1)C__,166,66,151317,2240,-306
40 domWdegRandom true false 2 1 1800 2750 3250 -200 -100 2 4 true,Br[C@H]CS(=O)(=O)SN(c1c[nH]c(C2TT2)n1)C#N,1734,813,386294,3161,-131
40 domWdegRandom true false 2 1 1800 2750 3250 100 200 3 2 true,c1n[nH]cc1[N+]=C=C(TN2CT2)c3c(Cl)scc3C=NCl,35,4,34159,3101,121
40 domWdegRandom true false 2 1 1800 2750 3250 -400 -300 2 2 true,O(I)T[TH+]Tc1oncc1c2n([TH+]F)cnc2[C@@]#N,542,248,154423,3189,-328
40 domWdegRandom true false 2 1 1800 3750 4250 -200 -100 3 2 true,I/C=C(c1snc(X)c1c2[nH]ncc2S[TH+]3TOC3)\O,2868,1369,984430,3771,-111
40 maxMarginalLDS true false 2 1 1800 2750 3250 100 200 2 2 true,C1CC(CC#CC(CC#CTC=C=C)CCCSCTC2CTCTC2)TC1,41,0,129620,3241,136
40 maxMarginal true false 2 1 1800 1750 2250 -200 -100 1 3 true,C(C(C(C=COC=C=C=C=C)=C=CTC1TTTTC1))C____,41,0,113809,2100,-164
40 domWdegRandom true false 2 1 1800 3750 4250 -400 -300 1 2 true,XCC#[C@@]S[C@](=CC1C(Cl)C1)[TH+]=NSSSSOSF,3200,1529,718645,3791,-315
40 maxMarginalLDS true false 2 1 1800 1750 2250 -200 -100 1 3 true,C(C(C(C=COC=C=C=C=C)=C=CTC1TTTTC1))C____,41,0,101455,2100,-164
40 domWdegRandom true false 2 1 1800 3750 4250 -200 -100 1 4 true,T/[N+]=[C@](c1snc(O(C(I)))c1OSSO[TH+])/C,345,151,126927,3782,-175
40 domWdegRandom true false 2 1 1800 1750 2250 100 200 1 2 true,[C@H]=[TH+]N=C=C=NSC(=CC)CC([C@H]TC1)N1X,412,182,141078,2061,100
40 maxMarginalLDS true false 2 1 1800 1750 2250 -400 -300 2 3 true,C(CC1CTC1(C2C(TC#CTCOC[C@@H])OTTC2))C___,535,32,1072533,2200,-320
40 maxMarginal true false 2 1 1800 1750 2250 -400 -300 2 3 true,C1CC(C(C#CC(CC#C[C@H])=NCTC2TTTC2))TC1__,582,271,214242,2110,-316
40 domWdegRandom true false 2 1 1800 0 5000 -400 500 1 2 true,O=CN(R)N=Cc1c[nH]nc1C[N+]SSC#[C@]C(F)=NI,31,3,48665,4241,-103
40 domWdegRandom true false 2 1 1800 2750 3250 -200 -100 1 3 true,ClTSN1TC[C@@](TN=C([C@@H](=C=C))CF)=NSST1,261,104,99255,2818,-136
40 domWdegRandom true false 2 1 1800 3750 4250 -200 -100 2 3 true,N1N(Br)C(SCCCBr)([N+]=NC[TH+]2)N2OT[C@@]N1,35,3,33996,3759,-113
40 domWdegRandom true false 2 1 1800 2750 3250 100 200 2 3 true,C(CN1(c2csnc2C(CC)O\[C@@]=[C@@H]/O))N1OCl,64,18,61849,2896,105
40 maxMarginalStrength true false 2 1 1800 3750 4250 100 200 2 3 true,C1CC(C(CC(CCTCCTCC)CCOCCTCCOC2CCCC2))CC1,54,7,106575,3780,180
40 domWdegRandom true false 2 1 1800 0 5000 -400 500 3 4 true,Rc1c[nH]cc1Cc2c(F)c3c([C@](T(C))[N+]3)o2,634,277,220065,2040,141
40 maxMarginalStrengthLDS true false 2 1 1800 3750 4250 100 200 2 4 true,C1CC(C(SCCCCTCCCCCTCTCC2TN(C(Cl))CC2))SC1,309,22,242018,3897,116
40 domWdegRandom true false 2 1 1800 3750 4250 100 200 2 4 true,BrN=[N+]Sc1nncn2c1cc(CSSN(=C=CC(F)(C)))n2,45,7,39331,4202,175
40 domWdegRandom true false 2 1 1800 2750 3250 -200 -100 2 4 true,Xc1sccc1S(=O)(=O)C2(TN=[C@]2)CO\C(F)=N/S,38,7,39221,2883,-105
40 domWdegRandom true false 2 1 1800 2750 3250 100 200 2 2 true,TC(F)c1nnsc1[N+]c2ccc(CCCC)n2O\N=[TH+]/S,565,251,284672,3142,103
40 domWdegRandom true false 2 1 1800 3750 4250 -200 -100 3 2 true,N#Cc1[nH]ncc1N2N(c3c([C@]I)ccn3TOCTC)TC2,365,155,140324,3799,-122
40 domWdegRandom true false 2 1 1800 1750 2250 -400 -300 1 3 true,O1TOS(=O)(=O)CN=C(TTC[C@@]CC=[TH+]C#C)C1,215,97,37723,2241,-359
40 domWdegRandom true false 2 1 1800 3750 4250 -200 -100 2 3 true,Ic1[nH]c(X)nc1[TH+](Br)c2sncc2N(X)[N+]C#N,1053,477,236994,4099,-102
40 domWdegRandom true false 2 1 1800 0 5000 -400 500 3 4 true,N1ON(T)C(CN2(c3oc(F)nc3X))=C2[C@@H]OCT1_,103,38,63523,2260,-14
40 domWdegRandom true false 2 1 1800 2750 3250 -200 -100 2 4 true,TN=Cc1c[nH]c(R)c1C(C(X)(Br))=CTTc2cnncn2_,1863,871,454352,2889,-100
40 domWdegRandom true false 2 1 1800 3750 4250 -200 -100 3 2 true,ICTc1[nH]cnc1c2oc3c(C[TH+]N=CN(T)N3)c2CCl,51,14,41810,3894,-131
40 domWdegRandom true false 2 1 1800 1750 2250 -400 -300 1 3 true,C([TH+]/[C@H]=[C@]\N(CT(SSTN1OC1)))#[C@],568,255,221697,1872,-307
40 domWdegRandom true false 2 1 1800 3750 4250 -200 -100 1 4 true,TS[TH+]=CSOSOC=Nc1occ([TH+](C(Cl))(F))c1Br,1845,865,324540,3807,-137
40 maxMarginalStrengthLDS true false 2 1 1800 1750 2250 100 200 2 2 true,C1CC(C=CC(C=[C@@]=T)TTOTTOC2CCC=C2)=C1__,132,9,255049,2140,143
40 domWdegRandom true false 2 1 1800 1750 2250 -200 -100 2 2 true,X/C=[N+](SCN1[C@H]TTSN1([N+]2[C@]CO2))\C,2772,1320,887734,2202,-194
40 domWdegRandom true false 2 1 1800 3750 4250 100 200 1 3 true,[TH+]TN(TCCCC#CCC(Cl)=C(CSOC)F)CSc1csnc1X,184,75,42290,3798,182
40 maxMarginalLDS true false 2 1 1800 0 5000 -400 500 2 3 true,FCC1CC(C(CC(CCOCCSCTCTCTCBr)CC2TCCTC2))C1,64,5,235024,4350,98
40 domWdegRandom true false 2 1 1800 0 5000 -400 500 1 2 true,RTTN(F)c1nncnc1S[N+][C@@][C@H]C(=C)[TH3+],27,0,29570,2151,-95
40 domWdegRandom true false 2 1 1800 2750 3250 -200 -100 1 3 true,c1csnc1TT[TH+]=C(C(#C(Cl)))STS/N=[C@@H]\S,66,20,33428,2779,-102
40 domWdegRandom true false 2 1 1800 3750 4250 -200 -100 2 4 true,ClC#[N+]C[N+]([C@]C1(C2TN2(C=NBr))(I))=C1R,33,3,45399,3873,-185
40 domWdegRandom true false 2 1 1800 1750 2250 100 200 2 2 true,RN=NN(C(C1TS1)T[C@@H]S2)[C@H]2[C@]C=NC=T,713,324,276468,2122,111
40 domWdegRandom true false 2 1 1800 0 5000 -400 500 3 3 true,Rc1scnc1TCC(C2(CC2)Cl)(TTO3)N3[TH+]/C=C/S,1833,863,646400,2737,74
40 domWdegRandom true false 2 1 1800 3750 4250 100 200 2 3 true,ClTSSON=[N+]c1c[nH]c(ON=[C@]C2(CC2)(I))n1,1044,479,283035,4176,149
40 domWdegRandom true false 2 1 1800 1750 2250 -200 -100 1 2 true,C#[C@@]TSSSN(T[TH+]1([C@H]=[C@@]C#N))N1F,3569,1722,785006,2183,-193
40 domWdegRandom true false 2 1 1800 2750 3250 -200 -100 2 3 true,c1conc1c2[nH]nnc2[TH+]\[C@](T)=C(O(Br))\S,44,11,37546,2870,-182
40 maxMarginalStrengthLDS true false 2 1 1800 3750 4250 -400 -300 1 3 true,C1CC(C(TCTCCCCOCCTCOCCOCC(CTCOC)CTC))CC1,74,7,91774,3840,-304
40 domWdegRandom true false 2 1 1800 0 5000 -400 500 2 2 true,ISc1onnc1[TH+]SCTOC2(CC2)C(CF)=N[C@@]=NCl,26,0,28139,4496,-76
40 domWdegRandom true false 2 1 1800 3750 4250 -400 -300 2 2 true,Xc1occ(SSI)c1N(TCCN2)[TH+]2CT\C=[C@@H]/S,95,35,48424,3852,-306
40 maxMarginalStrength true false 2 1 1800 2750 3250 -200 -100 3 4 true,COC1CC(C2TC(CC)CC(CC(CTTC3CTCOC3))C2)TC1,411,186,165262,2920,-109
40 domWdegRandom true false 2 1 1800 3750 4250 -200 -100 1 3 true,c1ccoc1N=C([C@@](=C)I)C(OTCl)=NTST[C@@]#N,70,23,45193,3795,-103
40 maxMarginalStrengthLDS true false 2 1 1800 1750 2250 -200 -100 3 4 true,CTCC(C1TC(C2=CTTC2)C(C3C=CC3(TC))=C1)C__,44,3,124173,2120,-106
40 maxMarginalStrengthLDS true false 2 1 1800 1750 2250 100 200 3 3 true,C=CC(C1TC(C2TC=CC2)C(C=CC3CCTTT3)=C1)C__,97,13,122437,2240,105
40 domWdegRandom true false 2 1 1800 1750 2250 -400 -300 3 2 true,CS\N=C(Tc1c2([N+][C@H]2)nnc1TTTC3TCC3)\C,96,35,44189,2201,-320
40 maxMarginal true false 2 1 1800 2750 3250 100 200 2 3 true,C1CC(CC(CC(CC=CTC=CCCSCTC=C))C2TCTC2)TC1,41,0,96848,3161,116
40 domWdegRandom true false 2 1 1800 1750 2250 -400 -300 2 3 true,c1cccn2c1cnc2T/C=C([C@]T[C@](=C)N(T)T)\C,1394,654,669142,2100,-306
40 maxMarginalStrength true false 2 1 1800 1750 2250 100 200 3 4 true,C=CC(C1TC(C2=CTTC2)C(C3CCC3(TTC))=C1)C__,93,28,132646,2120,142
40 domWdegRandom true false 2 1 1800 2750 3250 -200 -100 1 4 true,O1N=[C@]OTSN(N(Br)(T/C=N/[C@@](=C=CF)))S1,255,102,89876,3131,-182
40 maxMarginalLDS true false 2 1 1800 1750 2250 -400 -300 3 2 true,C1CC(C(C2COC[C@H]N=C2)=C=CC3TTTTC3)TC1__,65,6,174940,2150,-301
40 domWdegRandom true false 2 1 1800 2750 3250 100 200 1 3 true,S=C[TH+]=[N+]TN(C([C@@])=C)C(OOTSS1)=C1Br,158,65,57641,3132,111
40 domWdegRandom true false 2 1 1800 3750 4250 -200 -100 1 3 true,Fc1onc(TN=C(R)[C@]N=CSN([TH+]C#CF)C)c1SI,260,104,94798,4151,-178
40 domWdegRandom true false 2 1 1800 1750 2250 -400 -300 1 2 true,BrN([TH3+])[C@@]#CTTTC(=N[C@H]CCO1)[C@@]1T,298,126,133594,2159,-351
40 domWdegRandom true false 2 1 1800 1750 2250 -400 -300 2 3 true,N1=NN=NOOC2(N=[C@@H]SC(C)(T)C=[TH+]2)C1_,818,372,225217,2121,-307
40 maxMarginalLDS true false 2 1 1800 2750 3250 100 200 3 3 true,C1TC(C(C2CTCTC2)C=CCCC(C)CCCCC3TCTC3)CC1,41,0,115122,3000,156
40 domWdegRandom true false 2 1 1800 3750 4250 100 200 1 4 true,RTOOSTN(F)C(=C)C(C(F)=C1)=[C@]1OS[N+]#CI,186,78,62384,3911,186
40 domWdegRandom true false 2 1 1800 2750 3250 -200 -100 1 4 true,O([N+]OCC1(S(C([N+]CCl)=NC)))N1TO[C@@]C=O,37,5,29644,2846,-177
40 domWdegRandom true false 2 1 1800 2750 3250 -400 -300 3 4 true,N1TC2(N(X)N2)C(I)(OC=N[C@]S3)[TH+]3C=NC1,2782,1321,715807,3240,-317
40 domWdegRandom true false 2 1 1800 3750 4250 -200 -100 2 4 true,ClC1(OO[C@H]OTCC1(c2cn(T)nc2I))C([N+]=C)F,6626,3214,1203263,3874,-117
40 domWdegRandom true false 2 1 1800 0 5000 -400 500 3 3 true,[C@]c1[nH]nc(I)c1N(c2c(F)occ2N3ON3)[N+]R,29,1,40532,3639,86
40 maxMarginalStrength true false 2 1 1800 3750 4250 100 200 3 2 true,C1C(C2CC(COCCTCCTCCTCCCC3CCSCC3)CC2)TCC1,40,1,108161,3781,184
40 domWdegRandom true false 2 1 1800 2750 3250 -200 -100 2 3 true,O(Br)c1[nH]ncc1[TH+]C(X)(X)CTc2c[nH]nc2SCl,101,38,56297,3205,-157
40 domWdegRandom true false 2 1 1800 0 5000 -400 500 2 2 true,Clc1sc2c(CN2)c1N=CCSCOTCN=NON=CC([C@]=C)Br,33,0,39059,4506,297
40 domWdegRandom true false 2 1 1800 3750 4250 100 200 2 4 true,S=[N+]N(SC1(CC1)C2(CO(ST[C@H]Br)))N2C=NOF,1247,581,396799,3762,111
40 domWdegRandom true false 2 1 1800 1750 2250 -400 -300 1 4 true,C#[N+][N+](S([TH+]))(CT)TN([C@@]O1)C1N=S,327,137,79483,1912,-302
40 maxMarginalStrengthLDS true false 2 1 1800 2750 3250 -200 -100 1 2 true,CTCC(C(=C=CTTC=CC#CC#CCTCOC=C=CC)TCC1)C1,40,0,85897,2900,-164
40 domWdegRandom true false 2 1 1800 2750 3250 -400 -300 1 2 true,Brc1occc1TOOON=NO[TH+]([C@](=C))CC[C@@]#N,4312,2078,1074627,3169,-307
40 domWdegRandom true false 2 1 1800 2750 3250 -400 -300 3 2 true,F\C([TH+]Sc1c2([TH+]O2)ncc1TC3SSCC3)=N/O,4427,2138,1228108,2773,-304
40 domWdegRandom true false 2 1 1800 3750 4250 100 200 1 4 true,Brc1c([N+]\N=[TH+]/N(C(Br)(Cl)))snc1[C@@]=S,135,54,49902,3785,116
40 maxMarginalStrengthLDS true false 2 1 1800 2750 3250 -400 -300 2 2 true,C1CC(CTOC(CC#CC#CC#CCOC#C)CTC2TTOCC2)TC1,46,4,80106,3080,-303
40 domWdegRandom true false 2 1 1800 2750 3250 -200 -100 1 4 true,O(O(Br))SC1C(O/N=C([N+][C@]=N[C@H]T)\O)N1,590,256,187284,3000,-136
40 domWdegRandom true false 2 1 1800 3750 4250 -200 -100 1 4 true,S(SCl)CTC(C(C(X)F)=S)=NTc1nc[nH]c1O[C@@]Br,62,17,46350,3897,-112
40 domWdegRandom true false 2 1 1800 2750 3250 100 200 2 4 true,[N+]N(SC(R)C1(Br))N1C=N[C@](=NC2)N2C=NC=O,347,151,150635,3190,111
40 maxMarginalStrength true false 2 1 1800 1750 2250 -400 -300 2 2 true,C#CC(C1TC(C#CC=CTT[TH+]2OOCCC2)TC1)=C___,38,3,93825,2130,-301
40 domWdegRandom true false 2 1 1800 3750 4250 100 200 3 2 true,TSCC[C@H]Cc1c(C2C(Br)C2)cnn1SSOc3nc[nH]n3,755,341,198145,4182,112
40 domWdegRandom true false 2 1 1800 3750 4250 -400 -300 2 2 true,Clc1oc([C@]2=CCN(TCTCOI)[TH+]SO2)nc1[C@]T,1791,840,444288,3875,-327
40 domWdegRandom true false 2 1 1800 1750 2250 -200 -100 1 2 true,[N+]1(N(TT[C@@H][TH3+])CCN=NOT1)=[C@@]CTBr,510,231,135481,2209,-175
40 domWdegRandom true false 2 1 1800 3750 4250 100 200 2 3 true,FC1(S(=O)(=O)OCCS1)Sc2sccc2CS[N+]=[TH+]Br,195,86,70964,4204,107
40 maxMarginalStrength true false 2 1 1800 1750 2250 -200 -100 1 2 true,C#CC(C(C=C=C=C=CTTCTCTCC1TC=NC1))C______,42,1,110536,2230,-167
40 domWdegRandom true false 2 1 1800 0 5000 -400 500 2 2 true,c1[nH]c(X)cc1OOOc2cc[nH]c2[N+](Cl)=NCCN=T,29,2,28061,2805,79
40 maxMarginalLDS true false 2 1 1800 1750 2250 100 200 2 4 true,C1CC(C(C2CC(CC(C[C@])=C=CTTTC)TC2))TC1__,37,0,104864,2160,127
40 domWdegRandom true false 2 1 1800 2750 3250 100 200 2 4 true,S1OCT[C@H](N(N(Cl)(Br))N2)N2[C@@H]C[C@@H]1,2192,1037,367655,2875,104
40 maxMarginal true false 2 1 1800 1750 2250 100 200 3 4 true,C1CC(C(C2CCTCC2)(C3C(C[C@]OT)TTC3))TC1__,40,0,145288,2200,133
40 maxMarginalStrengthLDS true false 2 1 1800 2750 3250 100 200 2 4 true,C1CC(C2TC(C(CC(=CCOCCCCCTCCCTT)))TC2)CC1,41,0,85776,3040,149
40 domWdegRandom true false 2 1 1800 2750 3250 100 200 1 3 true,N1=C[TH+]N(X)C(=CCCC(Br)Br)[N+]=[C@][C@H]1,47,10,29942,3088,121
40 domWdegRandom true false 2 1 1800 0 5000 -400 500 3 2 true,BrTO[TH+]Tc1sncc1[TH+]Sc2oc(C(Br)C3)c3c2SBr,121,48,56253,4940,3
40 domWdegRandom true false 2 1 1800 1750 2250 -200 -100 1 2 true,CC/N=[N+](N1TOTTOT[C@]1(=[C@]C=[C@H]))\S,578,251,181927,1861,-114
40 domWdegRandom true false 2 1 1800 3750 4250 100 200 2 3 true,RCc1[nH]ncc1N(Br)CC2(CC2(Br))OTSO[C@@]#COT,210,92,65410,4099,119
40 domWdegRandom true false 2 1 1800 2750 3250 -200 -100 2 3 true,Fc1snc(N2OTON(CN=C(C#CCF)C#C)T[C@@]T2)c1,86,29,32676,2961,-114
40 maxMarginalStrength true false 2 1 1800 2750 3250 100 200 2 3 true,C1CC(C2TC(C(=CCCCCCCCOCCTCTC=CF))TC2)TC1,41,0,103384,3200,183
40 maxMarginalStrengthLDS true false 2 1 1800 0 5000 -400 500 3 2 true,CSC1TC(C2TCTC2(CCCCCCCCCCOCCC3TCCC3))TC1,181,19,850493,3641,286
40 domWdegRandom true false 2 1 1800 2750 3250 100 200 1 3 true,CSCTCOc1[nH]c(R)nc1SON([TH3+])[C@](CCCC)C,27,2,50208,3032,105
40 maxMarginal true false 2 1 1800 2750 3250 -400 -300 1 4 true,C(CC(C1CC(CC(C#CCOCOCTCTCOC)TTOC)TC1))C_,37,0,89021,3240,-323
40 domWdegRandom true false 2 1 1800 1750 2250 -400 -300 3 2 true,c1n[nH]nc1[N+]C(SN2(N3TC3))[TH+]2C#[C@@],1056,479,286820,1931,-388
40 maxMarginalLDS true false 2 1 1800 2750 3250 -400 -300 1 4 true,C(CC(C1CC(CC(C#CCOCOCTCTCOC)TTOC)TC1))C_,37,0,96993,3240,-323
40 domWdegRandom true false 2 1 1800 2750 3250 -400 -300 1 2 true,O1TN=[TH+]TOC(ON=CC#CC=CI)(T)T1_________,43,8,73882,2769,-312
40 maxMarginalLDS true false 2 1 1800 3750 4250 100 200 2 2 true,C1CC(CCSCCOCCOCC(CTCCCOCTCCC2COCTC2))TC1,41,0,114017,4141,166
40 maxMarginalLDS true false 2 1 1800 2750 3250 -200 -100 2 4 true,C1CC(CC(CC(CC(CTCOC)COCOC)C2TTTC2)CC)TC1,46,2,124495,3240,-186
40 maxMarginal true false 2 1 1800 2750 3250 -200 -100 2 4 true,C1CC(CC(CC(CC)CTCOC=C(COC)C2TTTC2)CC)TC1,46,3,122804,3060,-113
40 domWdegRandom true false 2 1 1800 3750 4250 100 200 1 4 true,FN=[C@]C1(C=C(Br)TCSO[TH+]1)S/C(T(Br))=C\S,586,257,169337,3941,111
40 domWdegRandom true false 2 1 1800 3750 4250 -200 -100 1 2 true,TC[N+]=NOOTc1cocc1[C@](I)[C@](=C)S[N+]SF,270,111,120553,4051,-129
40 domWdegRandom true false 2 1 1800 3750 4250 100 200 2 3 true,ClS(=O)(=O)OOc1[nH]ncc1c2sccc2OCC(CCCCl)=O,28,2,41246,4082,151
40 maxMarginalStrength true false 2 1 1800 0 5000 -400 500 2 2 true,C1CC(CC(CCCTCOCTCOCTCOCTCCC)C2CSCCC2)TC1,45,2,153214,3981,13
40 domWdegRandom true false 2 1 1800 0 5000 -400 500 1 4 true,O1SSOS[TH+]C(N(N=S)[N+]C(=C)C(F)=CBr)=C1_,261,104,76488,3783,22
40 maxMarginal true false 2 1 1800 3750 4250 -200 -100 2 2 true,C1CC(CCOCCTCCOCC(CTCOCTCOCCC2COCTC2))TC1,41,2,92638,3840,-135
40 maxMarginalLDS true false 2 1 1800 3750 4250 -200 -100 2 2 true,C1CC(CCTCCOCCOCC(COCOCTCOCCC2CTCTC2))TC1,45,2,94590,3840,-107
40 domWdegRandom true false 2 1 1800 2750 3250 -200 -100 2 2 true,Xc1oncc1c2occc2SN=[TH+]SCC[TH+](C(#C))CR,270,110,95003,2782,-168
40 maxMarginalLDS true false 2 1 1800 3750 4250 -400 -300 1 2 true,C(CC(COC)CTCOCCCTCOCOC)C#CTCOC#CC1CTCTC1,38,0,102713,3780,-314
40 domWdegRandom true false 2 1 1800 0 5000 -400 500 2 3 true,O(c1c[nH]c(c2oc(TBr)nn2)c1SC=C)S[C@@H]=NX,27,1,51653,3441,281
40 maxMarginal true false 2 1 1800 3750 4250 -400 -300 1 2 true,C(CC(COC)CTCOCCCTCOCOC)C#CTCOC#CC1CTCTC1,38,0,139525,3780,-314
40 domWdegRandom true false 2 1 1800 3750 4250 -200 -100 3 4 true,Fc1cc(X)c(Br)c(N2C3([N+]OS3)[TH+]O2)c1TOI,583,253,335808,4209,-135
40 domWdegRandom true false 2 1 1800 2750 3250 -400 -300 2 4 true,S1S(=O)(=O)T[N+]=[TH+]N(CN2(I))[C@@H]2N1,244,101,98475,3021,-357
40 domWdegRandom true false 2 1 1800 3750 4250 100 200 3 3 true,c1nnncc1c2[nH]c3c(ON=[N+][C@@]3(Br)(I))c2,320,139,128873,4048,110
40 domWdegRandom true false 2 1 1800 2750 3250 -200 -100 3 3 true,XC1([N+](TCI)T1)c2nc3c(TN3)n2[C@@][N+]#C,2946,1406,624480,2859,-109
40 domWdegRandom true false 2 1 1800 0 5000 -400 500 3 2 true,N#[N+]TOc1ncsc1S\C=C(N2N=CCC3(C=C3)C2)/T,259,105,146575,2902,230
40 maxMarginalStrength true false 2 1 1800 2750 3250 -400 -300 3 3 true,TTC1CC(C2TC(CC#CCOCC#C)(C3OTCTC3)OC2)OC1,282,124,124317,2880,-301
40 domWdegRandom true false 2 1 1800 2750 3250 -200 -100 2 2 true,BrN=NN=[C@]Tc1n(C)ncc1C([TH+]N=NC2)=C2C=S,36,4,49357,3240,-132
40 domWdegRandom true false 2 1 1800 0 5000 -400 500 2 3 true,O1SSC=NC=C(O/[C@@]=C(X)/[N+]2(N=CS2))N1_,32,0,47189,2613,77
40 maxMarginalStrengthLDS true false 2 1 1800 3750 4250 -200 -100 1 4 true,C1TC(OC(C(CC(CTCCTCOCC)CCOCTCOC)CTCl))SC1,768,37,888845,3946,-136
40 maxMarginalStrengthLDS true false 2 1 1800 1750 2250 -400 -300 3 3 true,C#CC(C1TC(C2=CTTC2(C#CC3C=NTTC3))CC1)C__,108,9,126482,2210,-307
40 domWdegRandom true false 2 1 1800 3750 4250 -200 -100 1 2 true,N(Br)(c1occn1)OOOOCCCSN=[TH+]C#CC#C[C@@H],585,254,161234,3750,-148
40 domWdegRandom true false 2 1 1800 1750 2250 100 200 1 4 true,S1CTOOTN(T[N+]\[C@]=[C@]/C(SC(=C))(R))C1,4361,2104,1005202,2192,122
40 domWdegRandom true false 2 1 1800 2750 3250 -400 -300 1 3 true,O(S[C@](=CBr)Cl)C(=NSN1)[TH+]1[C@H]TC=NTR_,42,6,35721,3016,-338
40 domWdegRandom true false 2 1 1800 1750 2250 -400 -300 2 2 true,c1c[nH]nc1c2c[nH]c(N=T)c2C[TH+](OTTC=T)F,65,22,34052,2030,-306
40 domWdegRandom true false 2 1 1800 0 5000 -400 500 1 4 true,FN(F)OC#C[TH+]=NOTTSSTCCC(CC1(F)(F))=C1Br,615,267,196284,3801,6
40 maxMarginal true false 2 1 1800 2750 3250 100 200 1 4 true,C(CC(C1CC(CC(COCCOCTCCC#CTC=CT))TTC1))C_,41,0,90677,3040,178
40 maxMarginalStrength true false 2 1 1800 2750 3250 100 200 1 4 true,CTCC(C(=C(CCTC(CCCCC=CCOCTC=CT))C)TC1)C1,41,0,93032,3020,154
40 domWdegRandom true false 2 1 1800 3750 4250 100 200 3 3 true,Brc1[nH]c(Cl)cc1OCCSC2(OC2)N(S[C@H]OS3)N3X,277,114,122635,4177,176
40 domWdegRandom true false 2 1 1800 3750 4250 -400 -300 2 3 true,S(Cl)[TH+][N+]N(CTTTC1(I))N1[C@]Cc2cscn2_,1760,817,416909,3766,-302
40 domWdegRandom true false 2 1 1800 2750 3250 -200 -100 3 3 true,IN1[N+]OTOC2(TCC[C@]3(TC3)C(T)=C2)[C@]S1,1321,618,863101,3250,-176
40 domWdegRandom true false 2 1 1800 1750 2250 -200 -100 1 3 true,N(SC(TX)(T/[TH+]=C\S)[C@@H]CO1)=C1OC#CCT,3312,1592,947261,2142,-131
40 domWdegRandom true false 2 1 1800 3750 4250 100 200 2 2 true,ClC#CC1(ST1)N=C(C=Nc2c[nH]nc2CC#CTCBr)C=NX,1055,477,316222,3795,113
40 maxMarginalStrengthLDS true false 2 1 1800 2750 3250 100 200 1 3 true,ClTCC(C(=C(C=CC=CC=CC=CCTCTC=CTCl)F)TC1)C1,41,0,82369,3250,100
40 domWdegRandom true false 2 1 1800 3750 4250 -400 -300 3 2 true,c1[nH]nnc1c2n(OCCSI)c(C[TH+]=[N+]N3)c3n2,2993,1434,1006114,3750,-313
40 domWdegRandom true false 2 1 1800 2750 3250 100 200 3 4 true,S1CN(N2OTOOT[C@]2)C=CC(F)(CC3(CCCCl))N3T1,610,270,384657,3096,135
40 domWdegRandom true false 2 1 1800 2750 3250 -400 -300 2 4 true,O1OTC2(SS[C@H]2)TTC(T[TH+](Br)C(#CCF))=N1,494,221,138099,2831,-320
40 maxMarginalLDS true false 2 1 1800 2750 3250 -200 -100 1 3 true,C(CC(C#CC#CC(C=CC#COCOC)CTTTC1CTCTC1))C_,41,0,112583,2960,-161
40 maxMarginal true false 2 1 1800 2750 3250 -200 -100 1 3 true,C(CC(C#CC#CC(C=CC#COCOC)CTTTC1CTCTC1))C_,41,0,121186,2960,-161
40 domWdegRandom true false 2 1 1800 3750 4250 -400 -300 1 4 true,ClT[TH+]SON=COC1(TS[TH+]=N1)C(I)C(C(#C))Cl,1608,759,271496,3971,-307
40 domWdegRandom true false 2 1 1800 2750 3250 100 200 1 4 true,R[TH+]OSN=CS(=O)(=O)CC(CCCCC)c1cc(C)oc1X,1048,482,527580,3142,100
40 domWdegRandom true false 2 1 1800 2750 3250 100 200 1 2 true,RS(=O)(=O)OO[TH+]OTSC=CCCCCCCC1CC[C@]=C1,135,58,34849,3172,104
40 domWdegRandom true false 2 1 1800 2750 3250 -400 -300 1 3 true,O1[N+]N=N[TH+](OCCO\C(Cl)=C\[C@](=C))SOS1,360,154,109331,2857,-346
40 domWdegRandom true false 2 1 1800 1750 2250 -200 -100 2 4 true,Xc1nnc(c2occ(R)c2C[N+]#CC[TH+]T(T(C)))s1,3229,1549,787985,2191,-109
40 maxMarginal true false 2 1 1800 2750 3250 -400 -300 2 3 true,C1CC(CC(CC(CC#CTCOCTCOC=NC))CC2TCTC2)TC1,41,3,88782,3170,-326
40 maxMarginalLDS true false 2 1 1800 2750 3250 -400 -300 2 3 true,C1C(C(C=CC#CC(COCOCOCOC)CTC)C2TTTC2)CTC1,572,32,994676,3200,-304
40 maxMarginalStrength true false 2 1 1800 3750 4250 -200 -100 3 2 true,C1C(C2CC(CTCCTCCTCCTCOCC3OCOCC3)OC2)SCC1,146,53,144472,3841,-136
40 domWdegRandom true false 2 1 1800 3750 4250 -200 -100 1 2 true,S1[N+](F)=C([N+]O[C@@H]OTSN=CCC=NI)N1___,45,8,34777,3791,-124
40 domWdegRandom true false 2 1 1800 2750 3250 100 200 1 2 true,TOTOON(c1c[nH]cc1[C@@])C(Br)N=N[N+]=[C@H],28,1,45453,2899,124
40 domWdegRandom true false 2 1 1800 1750 2250 100 200 1 4 true,[TH3+]S\C(c1oc(T(X))c(Cl)c1N=NOT)=C\[C@@H],4690,2267,986589,2176,103
40 domWdegRandom true false 2 1 1800 3750 4250 -200 -100 1 3 true,ClON(I)COCO[C@]CC(C#[C@])(ST[C@]=NO1)C1OR,259,101,76431,4205,-164
40 domWdegRandom true false 2 1 1800 2750 3250 -400 -300 1 3 true,[N+]c1nc(C#CC/N=C([C@](=C)Cl)\C)nn1TTSOCR,1051,479,279483,2836,-320
40 domWdegRandom true false 2 1 1800 1750 2250 -200 -100 2 4 true,CN(T)C1(C2(CC2)F)[C@@H]ON(TCCC[TH3+])TOC1,115,44,89615,2170,-195
40 maxMarginalLDS true false 2 1 1800 1750 2250 100 200 1 3 true,C(C(C(C#CTTTC#CCC=C=C=CTC1TC=CC1)))C____,292,21,329572,2200,112
40 domWdegRandom true false 2 1 1800 3750 4250 100 200 3 3 true,XTSc1onnc1OTSc2c(c3cn(F)cc3)cccc2C(C#C)Br,757,346,218847,4231,197
40 domWdegRandom true false 2 1 1800 0 5000 -400 500 3 2 true,N#CO\N=[N+](c1oc2c(SON2)c1N3OC=C3)/[C@H],1048,481,347032,2661,314
40 domWdegRandom true false 2 1 1800 1750 2250 -200 -100 1 3 true,N1CS(=O)(=O)CO[C@]=C(OTT\C=[C@]\[C@])C1_,24,0,26126,2131,-136
40 domWdegRandom true false 2 1 1800 3750 4250 100 200 2 2 true,FOCCc1snnc1OOOC(Br)(C2CC2)[C@@][C@@H]TN=S,211,92,80777,4001,116
40 domWdegRandom true false 2 1 1800 3750 4250 -200 -100 2 3 true,Cc1nsnc1C[C@H]TON2SO[N+]([C@](=C)(I))N2_,199,86,76390,3861,-151
40 domWdegRandom true false 2 1 1800 0 5000 -400 500 1 4 true,S(=O)(=O)(Cl)\N=C(c1nn[nH]c1CTN=T)/[C@@H],21,0,22240,2286,-42
40 maxMarginalLDS true false 2 1 1800 3750 4250 100 200 1 3 true,C(CC(COCCOCCTCCCCCOCCTCC(CTCTC)C1CCC1))C,164,14,141435,3960,127
40 domWdegRandom true false 2 1 1800 2750 3250 -200 -100 2 4 true,O1[N+]=[C@H]TN=CC(C2TN2(C(C(SCl)SF)CR))C1,1139,519,277551,2827,-101
40 domWdegRandom true false 2 1 1800 3750 4250 -200 -100 3 2 true,Cl[TH+]=[C@H]Oc1oc(c2c(F)nnc3n2nnc3I)cc1T,1549,729,323683,3914,-135
40 domWdegRandom true false 2 1 1800 1750 2250 -400 -300 1 3 true,ClCSON(T(C1(T)OT1))[TH+]TC=C=[C@][C@H]C#N,1216,561,347961,2176,-318
40 maxMarginalStrength true false 2 1 1800 2750 3250 100 200 1 2 true,CTCC(C(=C=CTTC#CC=CC=COTC=C=C=CF)TOC1)C1,41,0,70922,2820,114
40 domWdegRandom true false 2 1 1800 3750 4250 -200 -100 1 4 true,N(=S)C(c1oc(Cl)nc1[N+])T/[TH+]=C(CSTCI)\T,271,108,96946,3756,-143
40 domWdegRandom true false 2 1 1800 2750 3250 100 200 1 4 true,FN=Cc1occ(S(SN=N[C@]C/N=C\C(R)(Cl)))c1CTR,603,263,221821,3207,171
40 domWdegRandom true false 2 1 1800 1750 2250 100 200 1 2 true,N1[N+]CC[TH+][C@@]=C(N(R)CCCCC)[C@@H]1__,275,115,104993,1830,103
40 domWdegRandom true false 2 1 1800 3750 4250 100 200 1 3 true,Fc1snnc1TS\N=[C@]([C@@](Br)(OCCI)[TH3+])/T,30,1,36149,4250,106
40 domWdegRandom true false 2 1 1800 1750 2250 -200 -100 2 2 true,[TH3+]c1[nH]nnc1C(T(N2SCT2))O/[C@]=[C@]/O,1044,478,333815,1981,-116
40 domWdegRandom true false 2 1 1800 2750 3250 -200 -100 1 3 true,RSTS(=O)(=O)TS[C@]N(T[C@]1[C@H][C@@H]1)I,392,177,247239,3192,-187
40 domWdegRandom true false 2 1 1800 0 5000 -400 500 1 2 true,BrTSS(=O)(=O)SOC[C@@]#Cc1[nH]ccc1[C@H]TOCl,23,0,22617,3857,-25
40 domWdegRandom true false 2 1 1800 3750 4250 -400 -300 1 2 true,IC[N+]N=C=C=Cc1nc(TCN=NCTC[C@](=C))cn1SX,304,125,123789,4000,-325
40 domWdegRandom true false 2 1 1800 3750 4250 -200 -100 1 4 true,[N+]TSN(I)[C@](=C)C(Cl)=NC(OOS[C@@H]1)N1T,29,2,24295,3816,-169
40 maxMarginalStrength true false 2 1 1800 1750 2250 -200 -100 2 3 true,C#CC(C1TC(C2=C(C=C=CTTTTOC)OC2)=C1)=C___,65,14,120523,2100,-107
40 domWdegRandom true false 2 1 1800 1750 2250 100 200 1 2 true,c1[nH]cnc1[TH+][C@@H]N=N[N+]CSC(T(F))TTC,462,211,292825,2161,107
40 maxMarginalStrength true false 2 1 1800 1750 2250 -400 -300 1 3 true,T=CC(C(C(C=C=C=NC1TCTC1)=NCTCTC))C______,54,10,123561,2140,-337
40 domWdegRandom true false 2 1 1800 2750 3250 -400 -300 1 4 true,c1n(R)ncc1N([O-])[TH+]C=NN=[N+]C(T)(I)CC,264,108,150320,3209,-322
40 domWdegRandom true false 2 1 1800 2750 3250 -200 -100 1 3 true,S1OCTOS[N+](F)(O\[N+]([C@]CC=CF)=N\C)N1_,33,6,35789,2882,-102
40 domWdegRandom true false 2 1 1800 0 5000 -400 500 1 2 true,S(R)STN=NCON=Nc1ccccc1[C@]=C=C(C[C@@])R_,42,6,44690,2922,356
40 domWdegRandom true false 2 1 1800 2750 3250 100 200 2 3 true,RCN=CSST[N+]#[N+]STCC(CC1(Cl)(C2CC2))=C1X,109,40,90583,3058,106
40 maxMarginalStrengthLDS true false 2 1 1800 2750 3250 -400 -300 1 3 true,CTCC(C(=C(CTCC#CC#CCOC#CCTCOC=T)C)TC1)C1,91,9,76965,2940,-307
40 domWdegRandom true false 2 1 1800 0 5000 -400 500 3 4 true,C1(CS1)(Cc2onnc2C3(N(TC)N3)[TH+])S[C@@H],653,288,219017,2432,-115
40 maxMarginalStrength true false 2 1 1800 3750 4250 -200 -100 3 4 true,C1C(C2SC(C(TCC)CCOC(CX)C3COOCC3)OC2)SOC1,67,15,117318,3762,-101
40 domWdegRandom true false 2 1 1800 3750 4250 100 200 2 4 true,c1sc(c2sc(F)cc2Br)cc1C(X)(OOOC#N)TCO[TH3+],4315,2078,975658,3791,188
40 domWdegRandom true false 2 1 1800 2750 3250 -200 -100 2 4 true,O=NTc1nnnc(T/[N+](CT(C2CC2(=CBr)))=C\C)n1,4799,2318,958881,2959,-111
40 maxMarginalStrengthLDS true false 2 1 1800 2750 3250 -200 -100 2 3 true,C1CC(C2TC(C(#CCOCC#CC#CC=CTCTCC))TC2)TC1,40,0,72320,2780,-108
40 domWdegRandom true false 2 1 1800 1750 2250 -400 -300 1 3 true,[C@@](T[TH+]=T)(=C(OTC)C=NCS[N+]1TSC1)CF,2605,1244,645871,2202,-303
40 maxMarginalLDS true false 2 1 1800 3750 4250 -200 -100 2 4 true,C1CC(CC2CCSCC2(C(C(CTCTCOSCF)TCTC)X))SC1,139,13,144862,3783,-121
40 maxMarginal true false 2 1 1800 3750 4250 -200 -100 2 4 true,C1CC(CC2CCSCC2(C(C(CTCTCTCTCOC)Cl)CX))SC1,114,38,112681,3767,-101
40 domWdegRandom true false 2 1 1800 3750 4250 -400 -300 1 2 true,IOc1[nH]ccc1[N+]T/C=C(SO[TH+](X)TBr)/[C@],107,41,30929,3899,-303
40 domWdegRandom true false 2 1 1800 2750 3250 100 200 1 4 true,C1(O[N+]SOOCC1(Cl)([C@]=CT))(CCS[C@H]F)ST,38,4,32862,3208,120
40 domWdegRandom true false 2 1 1800 3750 4250 100 200 1 3 true,CTSCS(=O)(=O)Sc1scc(I)c1T/[C@@]=[C@@H]\S,251,103,83484,4184,155
40 domWdegRandom true false 2 1 1800 0 5000 -400 500 1 2 true,FT[C@@H]OCTSc1[nH]c(T)c(OCCCl)c1T[C@@H]OR,33,2,30299,2666,24
40 maxMarginal true false 2 1 1800 1750 2250 -200 -100 3 3 true,C1CC(C(C2CCTCC2)(C=C[C@@]C)C3TTTC3)TC1__,39,0,154151,2160,-182
40 maxMarginalLDS true false 2 1 1800 1750 2250 -200 -100 3 3 true,C1CC(C(C2CCTCC2)(C=C[C@@]C)C3TTTC3)TC1__,39,0,126785,2160,-182
40 domWdegRandom true false 2 1 1800 2750 3250 100 200 2 3 true,c1n[nH]c(Cl)c1N2SCCSC[N+](T(TCl))=[C@H]2__,4321,2080,782829,2812,151
40 domWdegRandom true false 2 1 1800 3750 4250 100 200 2 4 true,ClON=C[N+](OBr)c1c(N(S/C(C=C)=N\S)C2)c2no1,34,3,44312,3996,108
40 domWdegRandom true false 2 1 1800 2750 3250 -200 -100 2 4 true,[TH+](OBr)OC(=CN1(c2nnn(OCl)c2T))[C@@H]1OC,576,254,296132,3114,-152
40 domWdegRandom true false 2 1 1800 2750 3250 -400 -300 2 2 true,C(N=[N+]1(OC2[TH+]O[C@@H]TO2))N1[C@@]STI,1709,812,418795,3030,-301
40 domWdegRandom true false 2 1 1800 2750 3250 100 200 3 2 true,c1ocnc1c2nsnc2N3OC(CC(F)[C@H]=C)=NCC=NT3,2773,1321,859106,3201,122
40 maxMarginalStrength true false 2 1 1800 0 5000 -400 500 2 4 true,C1CC(CC(CCCC(CCCC(CCCC)CTC)CC2TCTC2))TC1,152,56,115556,3320,375
40 domWdegRandom true false 2 1 1800 3750 4250 100 200 2 4 true,XTc1cn(X)c(SOOC#CCc2sccc2OC=C(C(#C))Br)n1,309,131,155150,3941,197
40 maxMarginal true false 2 1 1800 2750 3250 100 200 1 2 true,C(CC(CSC)C#CC=CCC=C=C=C=C)CCCTTTC1CTCTC1,41,0,74676,3241,159
40 domWdegRandom true false 2 1 1800 2750 3250 -400 -300 2 2 true,CC1(T[C@@H]TT[C@H](T[N+]TSN2C[N+]2)CO1)I,592,258,244835,3010,-334
40 domWdegRandom true false 2 1 1800 2750 3250 100 200 3 2 true,BrSOc1n[nH]c(F)c1c2[nH]cc(X)c2OC3=CTT3___,730,334,373222,3140,106
40 domWdegRandom true false 2 1 1800 3750 4250 -400 -300 1 2 true,FOCN=C[N+][C@@](=C(I)T)CTOC1=[C@]CSC=NO1,120,45,42483,3860,-316
40 domWdegRandom true false 2 1 1800 2750 3250 100 200 1 4 true,N(X)(C(CC=C)=CCC1(=NCTOSSC=CT))N1[C@@]#N,588,253,175797,2802,176
40 maxMarginalStrengthLDS true false 2 1 1800 3750 4250 -400 -300 2 2 true,C1CC(C(TCTCTCCOCCTCCOCCTCCOCC2OCOC2))CC1,38,1,92772,3840,-311
40 domWdegRandom true false 2 1 1800 2750 3250 -200 -100 2 2 true,N1C2(TO2)C([TH+]TSTO[TH+]CCC=CC#CC#CBr)N1,292,119,101857,3010,-171
40 maxMarginalStrengthLDS true false 2 1 1800 3750 4250 -200 -100 1 2 true,C1CC(C(TCOCC#COCOCCOCC#CCTCOCTCCCTF))TC1,37,0,86457,3820,-147
40 domWdegRandom true false 2 1 1800 1750 2250 -200 -100 2 2 true,CO\[N+]=[N+](C1N(c2nncnc2CT[C@])N1)/[N+],1739,817,669620,2250,-141
40 domWdegRandom true false 2 1 1800 3750 4250 100 200 1 3 true,TSOCc1nc(N(Br)N(N=C=CCCC=C[C@]CCl)R)[nH]n1,263,104,91600,3925,111
40 domWdegRandom true false 2 1 1800 2750 3250 -200 -100 1 3 true,N(Br)(F)/[TH+]=[N+](COSSc1nccnc1[TH+]C)/T,265,109,64963,3141,-159
40 maxMarginalStrength true false 2 1 1800 1750 2250 -400 -300 2 4 true,O=CC(C1TC(C2TC(C(C#CC=T)TC)OT2)OC1)=C___,93,30,107580,2160,-307
40 domWdegRandom true false 2 1 1800 1750 2250 100 200 1 3 true,R[TH+]C(X)N=COc1noc([C@@])c1CC\C=C(OR)\O,133,55,46468,2250,105
40 domWdegRandom true false 2 1 1800 2750 3250 -400 -300 1 4 true,BrS(=O)(=O)[C@@]SC#[C@][TH+](TC1(Cl))N1C#N,478,214,97251,2966,-308
40 domWdegRandom true false 2 1 1800 2750 3250 -200 -100 1 2 true,XTc1onnc1SN=[N+]N=[TH+][C@]([C@](=C=C))I,27,2,30707,3210,-197
40 maxMarginalStrength true false 2 1 1800 1750 2250 -200 -100 1 4 true,T=CC(C(C(C=COC=CC1TCTC1))=NT(TC))C______,41,0,94363,2030,-171
40 domWdegRandom true false 2 1 1800 0 5000 -400 500 1 3 true,Cl[N+](F)OSSTOOOSc1ccccc1CC#CC(=C)C(Cl)=NF,46,9,42453,4483,251
40 maxMarginalLDS true false 2 1 1800 1750 2250 100 200 2 2 true,C1CC(C(C#CC#CTTTTC=C=C[C@@]2CCCC2))TC1__,233,17,303818,2220,102
40 maxMarginalStrength true false 2 1 1800 3750 4250 -400 -300 3 3 true,C1C(C2TC(C(OCCOCCTCOCCl)C3TCTCC3)OC2)SOC1,2845,1405,541784,3786,-301
40 maxMarginalStrengthLDS true false 2 1 1800 2750 3250 -200 -100 1 4 true,CTCC(C(OC(CCTC(CC#CC#CC#CTC)CTC)Cl)TC1)C1,37,0,69846,3165,-100
40 maxMarginal true false 2 1 1800 3750 4250 100 200 3 4 true,C1CC(CC(CTCOCC2SC(C(SC)CTCC3CCC3)C2))SC1,120,42,160171,3863,177
40 domWdegRandom true false 2 1 1800 2750 3250 -200 -100 3 4 true,BrSTc1ncc(O(C2=[TH+]OTN(C(=C)CC3)C3N2))o1,1046,478,217433,3170,-149
40 domWdegRandom true false 2 1 1800 0 5000 -400 500 2 4 true,N(F)=NN(F)OCTTSTc1ccccc1C#CC(CC2(CI))N2R,4332,2079,916975,4360,270
40 maxMarginalStrengthLDS true false 2 1 1800 2750 3250 -400 -300 2 4 true,C1CC(C2OC(C(OC(OCCTCC#C)TCTCTCX))CC2)OC1,39,0,85597,3080,-334
40 domWdegRandom true false 2 1 1800 2750 3250 -400 -300 1 3 true,c1csc([O-])c1C[C@@]ON(CC)TTOC(T)C[N+]COC,936,433,283112,2891,-301
40 domWdegRandom true false 2 1 1800 1750 2250 -400 -300 1 2 true,XSOT[TH+]OCCO[C@@]c1cc(F)c([C@])n1[TH+]R,2870,1369,810882,2201,-303
40 domWdegRandom true false 2 1 1800 3750 4250 -200 -100 2 2 true,Ic1onc(Cc2scnc2T/C(O[TH+])=N/T)c1O[C@@]F,38,6,41889,3820,-121
40 maxMarginalLDS true false 2 1 1800 2750 3250 -400 -300 1 2 true,C(CC(COCOC#CCOCOC)C#C[C@]#C)TTTTC1CTCCC1,205,19,160114,3160,-300
40 maxMarginal true false 2 1 1800 2750 3250 -400 -300 1 2 true,C(CC(C#COC=CC#C)COCOCOC#CC#C)TTTC1CTCTC1,84,24,89985,3240,-308
40 domWdegRandom true false 2 1 1800 0 5000 -400 500 2 4 true,C1(CN1(Cl))=[C@H]C2(ON(TSBr)C=N[C@@]=NC2)C,1058,476,265796,3235,31
40 domWdegRandom true false 2 1 1800 2750 3250 -400 -300 2 3 true,S=[TH+]c1nc2(SO2)c(TC(X)T[TH+]\N=C/C)c1I,4322,2078,938462,3231,-383
40 maxMarginal true false 2 1 1800 2750 3250 -200 -100 2 2 true,C1CC(CC#CC(CC=CTCOC#CSC#C)CTC2CTCTC2)TC1,41,0,91684,3241,-106
40 maxMarginalLDS true false 2 1 1800 2750 3250 -200 -100 2 2 true,C1CC(CC#CC(CC=CTCOC#CSC#C)CTC2CTCTC2)TC1,41,0,89088,3241,-106
40 maxMarginalLDS true false 2 1 1800 3750 4250 100 200 2 4 true,C1CC(CC2CCSCC2(C(CTCOCOCTCTCCC(CF))))SC1,82,8,132803,3902,121
40 domWdegRandom true false 2 1 1800 1750 2250 -400 -300 1 2 true,c1[nH]ccc1TN=[C@H]O[N+]#CSC([TH+](X)X)=O,108,41,39382,1941,-344
40 domWdegRandom true false 2 1 1800 2750 3250 100 200 3 2 true,c1[nH]c2c(T[N+]2(c3nscc3X))c1SC#CC/N=N\O,2769,1320,799351,2752,111
40 domWdegRandom true false 2 1 1800 0 5000 -400 500 1 3 true,[C@@](S\N=[C@@H]\C(N=NS[N+]1TSCS1))(C)=S,32,0,42126,2835,135
40 maxMarginalStrengthLDS true false 2 1 1800 2750 3250 100 200 2 2 true,C1CC(CT)C(CC#CC#CC#CC=CCCCCTC2TTCOC2)TC1,41,0,78766,3060,177
40 maxMarginalStrengthLDS true false 2 1 1800 0 5000 -400 500 3 4 true,C1C(TC(C2TCTC2)C(CCBr)CCCCC=C3(CTC3))CCC1,51,3,154874,3509,71
40 domWdegRandom true false 2 1 1800 2750 3250 -200 -100 1 2 true,XN=NOc1snnc1OT[C@@]=[C@](C(Cl))CC=[C@]C#N,51,13,41689,2836,-118
40 domWdegRandom true false 2 1 1800 0 5000 -400 500 1 3 true,TSN(O(I))[TH+][C@](Cl)TCC[C@]ON=Cc1ccnn1F,34,1,34060,4065,-130
40 maxMarginalStrengthLDS true false 2 1 1800 1750 2250 -200 -100 3 2 true,C1CC(C2TC(C#CTCTC#C[C@@]3CCTC3)=NC2)TC1_,184,16,407396,2230,-132
40 domWdegRandom true false 2 1 1800 2750 3250 100 200 2 2 true,ClN(Cl)c1cc2c(CCC=C2)n1N=[C@@]TN=NO[TH+]SR,30,1,39186,3041,137
40 domWdegRandom true false 2 1 1800 3750 4250 100 200 3 4 true,S1OSN(C(F)=C2(I))C2[C@](OTN=[N+]O3)=C3N1,2786,1325,746443,3751,159
40 domWdegRandom true false 2 1 1800 1750 2250 -200 -100 1 4 true,S(c1cnsc1R)/C=[C@](ON=CC(T)(TT)T)/[C@@H],1361,636,508430,2122,-101
40 domWdegRandom true false 2 1 1800 2750 3250 -400 -300 2 3 true,FOTTN1[N+]SCN=CC2([C@@H](I)C(X)T2)[TH+]1,88,29,50015,3030,-307
40 domWdegRandom true false 2 1 1800 2750 3250 100 200 3 3 true,[C@]=C=NSc1c(X)[nH]c(CCCBr)c1C2C3(TT3)T2_,1114,516,476357,2800,145
40 domWdegRandom true false 2 1 1800 3750 4250 -400 -300 1 3 true,I[TH+]1TO[N+]N([C@]CI)C(C=NT)([N+]R)CT1_,32,2,37956,3968,-312
40 domWdegRandom true false 2 1 1800 2750 3250 -400 -300 1 4 true,IS(=O)(=O)C1(TC1(T))[C@]O[C@H]T\[N+]=N/O,4667,2252,1073524,3010,-313
40 maxMarginalStrength true false 2 1 1800 2750 3250 -200 -100 3 2 true,FOC1CC(C2TC(COCC=CC#CC#CC3TTOTC3)CC2)TC1,40,0,94801,3020,-154
40 domWdegRandom true false 2 1 1800 1750 2250 -200 -100 2 3 true,O1N=N[C@@H]SOC(N(T)C2(C\C=[C@@H]/T))N2N1,1737,817,782835,2151,-118
40 domWdegRandom true false 2 1 1800 3750 4250 100 200 1 2 true,c1ncnc(Br)c1TTC=[N+](C=C[N+]=NCCBr)TO[N+]F,36,3,26045,3968,105
40 domWdegRandom true false 2 1 1800 1750 2250 -200 -100 3 2 true,c1[nH]nc(TCN=CC2OT2)c1N([C@]N3)[C@H]3C#N,28,1,37365,2150,-170
40 domWdegRandom true false 2 1 1800 3750 4250 -400 -300 1 3 true,S1(=O)(=O)STTS[TH+](CTC=[C@]CC=CI)[C@]S1,1505,710,258931,3753,-333
40 maxMarginalStrengthLDS true false 2 1 1800 3750 4250 100 200 3 3 true,C1C(C2OC(C(OCCTCCOCCCC)C3OCCCC3)OC2)TSC1,42,1,111577,3861,136
40 maxMarginal true false 2 1 1800 3750 4250 -400 -300 2 3 true,C1CC(CC2CCTCC2(C(C)CTCTCTCOC=NCTCOBr))SC1,58,12,126272,4180,-319
40 maxMarginalLDS true false 2 1 1800 3750 4250 -400 -300 2 3 true,C1CC(CC2CCOCC2(C(COCTCTCTCOC)TTOCCF))SC1,46,4,140340,3761,-311
40 domWdegRandom true false 2 1 1800 2750 3250 -400 -300 1 4 true,O(R)O/C(F)=[N+](N1SO[C@](=CBr)OO[C@H]1)\O,4885,2360,796381,3060,-309
40 maxMarginalLDS true false 2 1 1800 3750 4250 -200 -100 1 3 true,C(CC(COCCTCCOCCOCCOCCTCC(CT))C1CTCCC1)CX,45,2,121489,3840,-108
40 maxMarginal true false 2 1 1800 3750 4250 -200 -100 1 3 true,C(CC(COCCTCCOCCOCCOCCTCC(CT))C1CTCCC1)CT,54,7,110904,3840,-100
40 domWdegRandom true false 2 1 1800 3750 4250 100 200 1 2 true,T=N[N+]OTTCTC[C@@]Tc1c(C(CCCCCCBr)Cl)cnn1C,32,2,53199,3774,120
40 maxMarginalStrength true false 2 1 1800 3750 4250 100 200 3 4 true,C1C(C2SC(C(OCCTCCOC(C))C3CCOCC3)OC2)SSC1,41,1,125796,4063,134
40 domWdegRandom true false 2 1 1800 2750 3250 -400 -300 3 2 true,Br\N=C(c1nonc1c2nocc2N(CC3)[TH+]3[TH3+])\S,2964,1415,1093434,3160,-351
40 domWdegRandom true false 2 1 1800 3750 4250 -200 -100 2 2 true,XOc1nsnc1c2c[nH]nc2N(Br)C#CC(=C=CBr)O[TH3+],28,3,31943,4169,-114
40 domWdegRandom true false 2 1 1800 2750 3250 100 200 2 2 true,RSc1snnc1OTSN=[C@H]C(C)CC(C=[C@@]2)C2C=O,585,255,185112,3133,108
40 maxMarginalLDS true false 2 1 1800 1750 2250 -400 -300 3 4 true,C1CC(C(C2CCTC2)(C3C(C[TH+]F)TTTC3))CC1__,285,24,519591,2090,-366
40 domWdegRandom true false 2 1 1800 3750 4250 -400 -300 2 4 true,Xc1nnc(CCT/C(N2SO[C@](=C(I))CCO2)=N/C)s1,314,137,121016,4101,-313
40 maxMarginal true false 2 1 1800 1750 2250 -400 -300 3 4 true,C1CC(C(C2CCTCC2)(C(C#C)[N+]3TTTC3))TC1__,124,45,136047,2020,-310
40 maxMarginalStrength true false 2 1 1800 0 5000 -400 500 1 3 true,C1CC(SC(TC)CCTC(CCCCOCCCCCCCTCCCTC)C)TC1,50,5,69207,3961,336
40 domWdegRandom true false 2 1 1800 1750 2250 -200 -100 1 4 true,ROc1ncn(F)c1S(=O)(=O)[C@]([TH3+])=C[N+]#C,4362,2106,924955,2121,-190
40 domWdegRandom true false 2 1 1800 2750 3250 100 200 3 3 true,[C@][TH+]c1snnc1c2c3(TS3)cc(F)c2C(R)OOTCl,3911,1884,905581,2907,111
40 domWdegRandom true false 2 1 1800 3750 4250 -400 -300 1 4 true,IOc1conc1TS(=O)(=O)TOC(Cl)C#C[C@@](=CF)CX,1071,490,223886,4155,-314
40 domWdegRandom true false 2 1 1800 2750 3250 100 200 1 2 true,TTTCCC(C)C(CC[C@@]1)=[C@@]1S[N+]N=NTN=NBr,1161,526,253723,3050,102
40 domWdegRandom true false 2 1 1800 3750 4250 -200 -100 1 2 true,IN=[TH+]SOS(=O)(=O)C#CCC[C@]c1cc[nH]c1OR,23,1,26342,3941,-118
40 domWdegRandom true false 2 1 1800 2750 3250 -400 -300 1 3 true,c1cnoc1[TH+]SO\[C@H]=C(ON=N([TH+](Br)))/O,139,58,40401,2820,-305
40 maxMarginalStrengthLDS true false 2 1 1800 3750 4250 100 200 2 2 true,C1CC(C(SCTCTCC=CCCCCCCCOCCOCC2TCTC2))SC1,41,0,83474,4122,118
40 domWdegRandom true false 2 1 1800 1750 2250 -200 -100 2 4 true,N(Br)(CCCC1([C@@]2(T[TH+]C#N)[TH+]C2))N1R,4409,2125,940762,2159,-172
40 domWdegRandom true false 2 1 1800 0 5000 -400 500 2 2 true,CTOCOOc1cscc1c2oncc2N(I)C=C(F)C=C[C@]CSX,31,0,37957,4961,332
40 domWdegRandom true false 2 1 1800 3750 4250 -400 -300 2 3 true,CO[C@]1(C2([C@H]S2)[C@](Br)TT1)TTOCC=NOTI,4941,2387,1067211,3919,-308
40 domWdegRandom true false 2 1 1800 0 5000 -400 500 3 2 true,N1C2([N+][TH+](SOC#[N+]c3[nH]ncc3)O2)CO1,1046,478,299350,2271,-217
40 maxMarginalLDS true false 2 1 1800 2750 3250 100 200 2 4 true,C1CC(CC(CC(CC)COCCCCC=C(C)C2TTTC2)CT)TC1,44,2,92236,3040,100
40 domWdegRandom true false 2 1 1800 3750 4250 100 200 2 2 true,c1onc(CBr)c1CCCCC/[N+]=C(Oc2nonc2O[N+])\S,259,104,175291,4060,136
40 domWdegRandom true false 2 1 1800 2750 3250 -400 -300 2 4 true,c1scc(T/[TH+]=C/[TH+](O(c2occc2O(I))))n1,569,251,233091,3210,-308
40 maxMarginalStrengthLDS true false 2 1 1800 1750 2250 -400 -300 1 3 true,O=CC(CTC1COTC1(C(OC=[C@]TCTCTC)))C______,290,22,423948,2240,-327
40 maxMarginalStrength true false 2 1 1800 1750 2250 100 200 2 3 true,C#CC(C1TC(C2CC(C=C=CTTTTC)=CC2)CC1)=C___,41,0,113172,2220,165
40 domWdegRandom true false 2 1 1800 2750 3250 -400 -300 2 2 true,N(=T)N=[C@]c1oncc1N(TCTC=[TH+]2)[C@]2SI_,579,256,532311,3190,-386
40 domWdegRandom true false 2 1 1800 1750 2250 100 200 2 3 true,c1sc2c([N+]N(R)[TH+]N=[N+][C@H]2)c1N(Cl)C,598,267,299136,2186,107
40 domWdegRandom true false 2 1 1800 2750 3250 -200 -100 3 3 true,N1C(OTC2TC2(c3nnc(Br)n3C#[N+]C))=N[C@H]1_,633,278,277441,2809,-108
40 domWdegRandom true false 2 1 1800 3750 4250 -400 -300 2 3 true,C([C@@]1SSTTC1(c2nnccc2TOC[TH+]Cl)(I))#N_,1757,822,426086,3846,-317
40 domWdegRandom true false 2 1 1800 3750 4250 100 200 2 2 true,O(R)c1occ(c2n[nH]nc2TTC[C@H]CI)c1O[C@]TBr,28,1,31198,4248,138
40 maxMarginal true false 2 1 1800 2750 3250 100 200 3 4 true,C1TC(C(C2CTCTC2)C(CCCC(C)C)CCC3TCTC3)CC1,39,0,106699,2880,117
40 domWdegRandom true false 2 1 1800 2750 3250 100 200 3 4 true,N1S(=O)(=O)C2(SN(C=CCC3=CCC3)C=C2)TCTSN1,1871,878,505509,3113,101
40 maxMarginalStrengthLDS true false 2 1 1800 1750 2250 100 200 2 4 true,C=CC(C1TC(C2TC(C(C=CT)=NTC)CT2)CC1)=C___,45,2,96151,2130,100
40 maxMarginalStrengthLDS true false 2 1 1800 1750 2250 -200 -100 2 3 true,C#CC(C1TC(C2=C(C=C=CTTTTOC)OC2)=C1)=C___,50,5,99140,2100,-107
40 domWdegRandom true false 2 1 1800 3750 4250 -400 -300 1 4 true,FS(=O)(=O)C([C@][C@]CC=CI)SOOC(TCN1)C1OX,2786,1321,717121,4211,-321
40 domWdegRandom true false 2 1 1800 2750 3250 100 200 1 2 true,RCTC[N+]=[C@](Br)C(C1CC1)=NN=NOCT[N+]=NCC,1212,563,331067,3169,171
40 maxMarginalStrength true false 2 1 1800 2750 3250 -200 -100 2 3 true,C1CC(C2TC(C(#CCOCC#CC#CC=CTCTCC))TC2)TC1,40,0,80234,2780,-108
40 domWdegRandom true false 2 1 1800 2750 3250 -400 -300 1 3 true,T(Br)C[TH+]N(OC1TN1)C(T)=C=NC=[C@@]=CCOTF,1288,598,343723,2769,-319
40 maxMarginal true false 2 1 1800 0 5000 -400 500 2 3 true,C(C(CTC)CCSCTCCCTCCCTCTCC)C1CC(C2CCC2)C1,56,9,124436,3641,197
40 maxMarginalStrength true false 2 1 1800 2750 3250 -400 -300 1 3 true,CTCC(C(OC(COCC#CC#CC#CC#CTCOCTC)X)TC1)C1,54,8,67544,3100,-317
40 domWdegRandom true false 2 1 1800 1750 2250 -200 -100 2 4 true,[O-]c1coc([TH+]C2N=[N+](S(X))C(C)ON2)c1T,535,243,222614,2151,-157
40 maxMarginalStrengthLDS true false 2 1 1800 3750 4250 -200 -100 3 4 true,C1C(C2OC(COC(C(CCTCTCOCC3SCOC3)))C2)SOC1,107,6,309196,3762,-102
40 maxMarginalLDS true false 2 1 1800 2750 3250 -200 -100 3 3 true,C1TC(C(C2CTCTC2)C#CC(COCOC)COC3TCTC3)CC1,39,0,116231,3040,-149
40 maxMarginal true false 2 1 1800 2750 3250 -200 -100 3 3 true,C1TC(C(C2CTCTC2)C#CC(COCOC)COC3TCTC3)CC1,39,0,124921,3040,-149
40 domWdegRandom true false 2 1 1800 1750 2250 100 200 2 3 true,T/N=[C@@](C1[C@@H]SSTSC2(TC=CC2(R))C1)\T,51,12,19499,2153,105
40 domWdegRandom true false 2 1 1800 3750 4250 100 200 3 3 true,I[N+]1(c2sncc2Cc3occ(C(=T))c3)CSN=NC=NT1,729,332,278025,4161,193
40 domWdegRandom true false 2 1 1800 0 5000 -400 500 3 2 true,FN1SN(R)C[C@H](S[TH+]c2ocnc2Tc3ccccc3)O1,580,253,313999,2982,138
40 domWdegRandom true false 2 1 1800 2750 3250 -200 -100 3 3 true,[C@@H]c1snnc1C2(COON=CCC2(OCl))C(C3TT3)=O,40,7,43554,3016,-113
40 domWdegRandom true false 2 1 1800 0 5000 -400 500 2 3 true,Br[N+]OCTc1[nH]cc(SCl)c1C(c2c(C=C)nnn2R)OBr,26,0,32398,4564,12
40 domWdegRandom true false 2 1 1800 2750 3250 -200 -100 2 2 true,O=[N+]TC(R)([C@]c1cccn1I)[TH+]C2=NN=NTC2,406,177,112893,3159,-135
40 domWdegRandom true false 2 1 1800 2750 3250 100 200 3 4 true,Rc1oc2c([C@@]C=NN(Br)CS2(=O)(=O))c1OC3TO3,1745,818,507987,3170,110
40 domWdegRandom true false 2 1 1800 3750 4250 -200 -100 3 4 true,S(I)TCc1sc(T)cc1C(C=C2(N3TT3))=C2[TH+]OBr,2392,1135,649842,4130,-193
40 domWdegRandom true false 2 1 1800 3750 4250 -200 -100 1 2 true,RTTT/N=[N+](c1[nH]cnc1OT[C@@H]CC(I)CBr)/C,357,158,111916,3848,-100
40 domWdegRandom true false 2 1 1800 3750 4250 100 200 3 4 true,c1oc(Cl)c(N(X)c2snnc2Br)c1c3ocnc3[N+](CT)F,6710,3268,1008478,3935,195
40 domWdegRandom true false 2 1 1800 1750 2250 100 200 1 4 true,c1n([C@])cc(C(Cl)T[C@@](X)SC#C)c1N=[C@@]T,46,9,30212,2236,104
40 maxMarginalStrength true false 2 1 1800 2750 3250 100 200 3 4 true,CSC1CC(C2TC(CC(CC(CC)CTCC3TTCOC3))C2)TC1,82,21,112815,3081,199
40 domWdegRandom true false 2 1 1800 2750 3250 -400 -300 1 3 true,RCTN([O-])CTCOC1(C(F)N1)N=[C@@H]CC=CTSCC,440,194,128116,2751,-312
40 maxMarginalStrengthLDS true false 2 1 1800 2750 3250 100 200 3 3 true,COC1CC(C2TC(CC(CC=CCCCT)C3TTCOC3)TC2)CC1,67,6,108728,3040,165
40 domWdegRandom true false 2 1 1800 1750 2250 -400 -300 2 2 true,O1SN(C2=NN2(S[TH+][TH+]C))OC[C@@][C@]O1_,645,287,176148,2232,-342
40 domWdegRandom true false 2 1 1800 0 5000 -400 500 1 4 true,XN=NC=[C@]TTC(F)c1onnc1[C@@]C(I)(C(Br))TX,272,109,97813,4008,41
40 domWdegRandom true false 2 1 1800 3750 4250 -200 -100 1 2 true,Xc1sc(SS[N+]S[C@]SC=[TH+](I))nc1[C@@H]=S,84,30,41476,4245,-115
40 domWdegRandom true false 2 1 1800 1750 2250 100 200 1 4 true,[TH3+]c1ncc(O(C(=C(Cl))TTCOTC=N[C@@H]R))o1,3735,1794,1108104,2155,102
40 domWdegRandom true false 2 1 1800 1750 2250 -400 -300 2 2 true,O1SCCSC(T[TH+]C[TH+]([C@@]=C)S2)=[N+]2O1,1048,483,573314,2223,-320
40 domWdegRandom true false 2 1 1800 0 5000 -400 500 1 4 true,C(c1snnc1O\C=C(OOS(F))/O)#CC/[N+](Cl)=C\S,1063,478,204896,3568,166
40 maxMarginalStrength true false 2 1 1800 3750 4250 -200 -100 1 2 true,C1CC(C(TCOCC#COCOCCOCC#CCTCOCTCCCTF))TC1,37,0,81712,3820,-147
40 domWdegRandom true false 2 1 1800 1750 2250 100 200 2 3 true,c1cscc1[TH+]C2(O[C@](C)S2)/C(R)=[C@@H]/O,1035,477,556080,2132,119
40 domWdegRandom true false 2 1 1800 0 5000 -400 500 3 2 true,O=[N+]OON=NS[N+]OCc1c2c([C@]C2)c3(CC3)n1,24,1,51702,2841,74
40 domWdegRandom true false 2 1 1800 2750 3250 -200 -100 3 3 true,[TH3+]/C(Oc1nnsc1c2n(I)c3c(TT3)c2)=[N+]\T,2888,1379,792648,3170,-133
40 domWdegRandom true false 2 1 1800 0 5000 -400 500 2 3 true,c1[nH]c(O(Cl))nc1C([N+]2=NSC=CTT2)S[C@@H],254,104,82124,2607,-43
40 domWdegRandom true false 2 1 1800 2750 3250 -200 -100 2 2 true,O1CCTN=C[N+]([C@H]OSCCBr)(TT2)[C@@]2[C@]1,1051,479,370438,2800,-173
40 maxMarginalStrength true false 2 1 1800 3750 4250 -400 -300 2 2 true,C1CC(C(TCTCTCCOCCTCCOCCTCCOCC2OCOC2))CC1,38,1,125747,3840,-311
40 domWdegRandom true false 2 1 1800 2750 3250 -200 -100 1 4 true,N1OTOC(C[C@H]/C(N(X)[C@](=C)Br)=N/O)=COO1,3424,1639,560834,2939,-100
40 domWdegRandom true false 2 1 1800 2750 3250 -400 -300 3 4 true,Rc1ncoc1[TH+](N(I)N2(C3TTT3))C2([C@H])Cl_,1747,819,813092,2964,-332
40 domWdegRandom true false 2 1 1800 2750 3250 100 200 2 4 true,C#[N+]c1sc(c2nonn2)c(N(OC)[C@]C(#N))c1SC,1230,569,437121,3072,193
40 maxMarginalLDS true false 2 1 1800 0 5000 -400 500 1 2 true,C(CCCOCC(CCCCCOCTCSCCC)CCCC)TCTCC1TCCTC1,41,0,114801,4261,335
40 domWdegRandom true false 2 1 1800 3750 4250 100 200 3 2 true,C(c1nn(c2nocn2)cc1S[TH+][C@]Cc3cscc3Br)#N,635,281,204391,3801,106
40 domWdegRandom true false 2 1 1800 3750 4250 -400 -300 2 2 true,S1[N+]N=CC(N2OSC(TCC#C[C@]I)CTO2)[TH+]C1,4389,2106,1163494,3851,-321
40 maxMarginalStrengthLDS true false 2 1 1800 1750 2250 -200 -100 1 4 true,T=CC(C(C(C=COC=CC1TCTC1))=NT(TC))C______,41,0,97435,2030,-171
40 maxMarginalStrengthLDS true false 2 1 1800 1750 2250 100 200 1 3 true,T=CC(C(C(C=C=CTOC1TC=C1)=CCTCTF))C______,38,0,93807,2180,110
40 domWdegRandom true false 2 1 1800 3750 4250 100 200 2 3 true,ION=NTc1[nH]c2c(SN=[TH+][N+](Br)(R)C2)c1Cl,1819,855,349544,4214,104
40 maxMarginalStrengthLDS true false 2 1 1800 1750 2250 -400 -300 2 4 true,C#CC(C1TC(C(=C(C#COC2TTTC2)OT))CC1)=C___,87,9,150065,2120,-310
40 maxMarginalStrength true false 2 1 1800 1750 2250 100 200 1 4 true,T(CC(C(C(CCC[C@]C1TCTC1)CCCTCT)))C______,342,153,152562,2220,129
40 domWdegRandom true false 2 1 1800 3750 4250 -400 -300 3 3 true,ClOc1cc2(ST2)nc1c3ocnc3ON=C([TH+](X)I)CCC,775,352,181026,4235,-319
40 domWdegRandom true false 2 1 1800 2750 3250 -200 -100 2 3 true,FO[C@@]=CN(TST1)N1C(CN2(I))=[N+]2[C@@]X_,58,13,41364,3150,-136
40 domWdegRandom true false 2 1 1800 1750 2250 -200 -100 3 4 true,O1T[C@@H]N(X)OC(TC2(Cl)(c3cc[nH]c3))N2TT1,4522,2184,1119869,1985,-115
40 maxMarginal true false 2 1 1800 0 5000 -400 500 1 4 true,C(CCC)CC(CC(CC)CTCC(CCCCTCTCTCC1CCTC1))C,120,40,92900,3480,244
40 maxMarginalStrength true false 2 1 1800 2750 3250 -400 -300 2 4 true,C1CC(C2OC(C(OC(OCCTCC#C)TCTCTCX))CC2)OC1,39,0,79214,3080,-334
40 domWdegRandom true false 2 1 1800 2750 3250 100 200 1 3 true,C[TH+]c1nnc(N(X)CS(C=CCCCCCC))nc1[C@H]SR,39,8,48174,3112,120
40 domWdegRandom true false 2 1 1800 1750 2250 -400 -300 3 2 true,S1S[C@H]CC[C@H](C([TH+]T2)C2OTON3)N3T1__,849,392,313633,2052,-319
40 domWdegRandom true false 2 1 1800 2750 3250 -400 -300 1 2 true,[O-]OSSC1([C@H](Br)C1)[TH+]OCC=NC=[TH+]OX,26,0,41217,3021,-365
40 maxMarginalStrength true false 2 1 1800 2750 3250 -200 -100 1 4 true,CTCC(C(OC(CCTC(CC#CC#CC#CTC)CTC)Cl)TC1)C1,37,0,86350,3165,-100
40 domWdegRandom true false 2 1 1800 3750 4250 100 200 1 4 true,T=COCCTSC#C[C@@]1(N(Cl)N(C)S1)/C(SCBr)=N/S,255,101,99482,4188,160
40 domWdegRandom true false 2 1 1800 2750 3250 100 200 1 3 true,Clc1n[nH]c(Cl)c1OOTN(C(=[C@@H]X)C#CCl)STC#N,1281,600,255015,3226,167
40 domWdegRandom true false 2 1 1800 1750 2250 -200 -100 3 3 true,F/N=C(c1onnc1N2[TH+]TOTC3(C=CC3)C2(C))\T,116,47,101024,2230,-109
40 domWdegRandom true false 2 1 1800 2750 3250 -400 -300 1 2 true,S1N=[N+]TTSN([N+]T[C@H]CC=[C@](=C=CBr))S1,1275,596,287364,3112,-339
40 maxMarginalStrength true false 2 1 1800 3750 4250 100 200 1 2 true,C1CC(C(OCOCCCCTCOCC=CCCCCTCCCTCCCTF))TC1,41,0,64981,3980,195
40 domWdegRandom true false 2 1 1800 3750 4250 100 200 1 4 true,ClCTON(F)O[N+]c1c([N+](Br)CCC=C(C))cnn1N=S,1126,513,268930,4025,114
40 domWdegRandom true false 2 1 1800 2750 3250 -200 -100 1 4 true,N1TTSSS(=O)(=O)[TH+](C[C@]C#CCCC(C)CCl)N1,1051,479,167536,3098,-197
40 maxMarginal true false 2 1 1800 1750 2250 -400 -300 1 2 true,T(C(C#C)C#CCC#COC#COC#C[N+])TC1TTTC1____,5219,2590,984531,2220,-309
40 domWdegRandom true false 2 1 1800 2750 3250 100 200 2 4 true,XSSN(Cl)C=CC1(C(C)=C1(C))TTOc2cccn2S[TH3+],1582,738,402052,3188,101
40 maxMarginalLDS true false 2 1 1800 1750 2250 -400 -300 1 2 true,T(C(C#COC#CCTCOC#C)C#C[C@]=C)C1TTTC1____,147,12,145645,2220,-316
40 domWdegRandom true false 2 1 1800 3750 4250 100 200 3 2 true,O1TCN=[TH+]N=C(c2sc(I)nc2C3=COCSCC3)N1__,1747,814,762374,4071,150
40 domWdegRandom true false 2 1 1800 3750 4250 -400 -300 2 2 true,CTc1snnc1c2[nH]cnc2ST[C@@](=C([TH+])I)SCl,113,45,41369,4147,-325
40 domWdegRandom true false 2 1 1800 1750 2250 -200 -100 1 2 true,[TH3+]\N=[C@@](C(N=[N+]CC1CST[N+]1)=NF)/S,577,252,188530,2222,-104
40 domWdegRandom true false 2 1 1800 0 5000 -400 500 2 2 true,ClS[C@]#CTOCN1C(C(=C)S[N+]=[C@@H]S2)N2TS1,44,6,36191,3109,36
40 maxMarginalLDS true false 2 1 1800 1750 2250 -200 -100 2 2 true,C1CC(C(C#CC#CC=C[C@@])=C=CTC2TTTC2)TC1__,40,0,142977,2060,-199
40 maxMarginalLDS true false 2 1 1800 2750 3250 100 200 1 3 true,C(CC(C=CC=CC(C=CC=C)CCCCCTTTC1CTCTC1))C_,41,0,80447,2980,157
40 maxMarginal true false 2 1 1800 1750 2250 -200 -100 2 2 true,C1CC(C(C#CC#CC=C[C@@])=C=CTC2TTTC2)TC1__,40,0,133424,2060,-199
40 domWdegRandom true false 2 1 1800 3750 4250 -200 -100 1 3 true,BrC=[N+]([C@H])c1cnc(N(TTTC=CC=NC#N)CI)o1,51,12,50752,4208,-103
40 domWdegRandom true false 2 1 1800 2750 3250 100 200 1 3 true,N(F)=C[TH+](N=S)c1cccn1C(=CF)N=N[C@@]OSCl,572,255,234301,3237,110
40 domWdegRandom true false 2 1 1800 1750 2250 -400 -300 3 2 true,S1T[C@]N(TS[C@]2(CC2)[TH+]T3)N3TCO[C@@]1,519,236,203337,1892,-306
40 domWdegRandom true false 2 1 1800 2750 3250 -200 -100 1 3 true,I\N=C(T/N=[N+]([N+]=[TH+]TN1C(F)S1)\C)\T,77,26,31489,2880,-148
40 domWdegRandom true false 2 1 1800 3750 4250 100 200 1 4 true,XN(F)SS(=O)(=O)ON=CN(c1ccccc1Br)[C@]#CC#N,121,50,57262,3871,185
40 domWdegRandom true false 2 1 1800 2750 3250 -200 -100 1 4 true,RN(Br)T[N+][N+]([C@@H](C(F)T1)N1TCl)[N+]SC,906,418,139017,2815,-175
40 domWdegRandom true false 2 1 1800 3750 4250 -200 -100 2 4 true,ITTN1[N+]S(=O)(=O)TN([C@]=CCC2(Br))C2CTC1,26,1,31297,4029,-144
40 domWdegRandom true false 2 1 1800 2750 3250 -400 -300 3 4 true,X[TH+]SOTN([TH+](C=C1(C2CC2(I)))N1O3)C3X,282,118,135989,2980,-341
40 maxMarginal true false 2 1 1800 3750 4250 100 200 1 2 true,C(CC(CCC)COCTC=COCOCTC)COCTCCCOCC1CTCTC1,41,0,123649,3980,107
40 maxMarginalStrengthLDS true false 2 1 1800 2750 3250 -200 -100 3 2 true,FOC1CC(C2TC(COCC=CC#CC#CC3TTOTC3)CC2)TC1,40,0,95132,3020,-154
40 domWdegRandom true false 2 1 1800 0 5000 -400 500 3 3 true,BrN(R)TS(=O)(=O)Oc1ncnc2c1cccc2c3ccccc3TI,44,13,43213,4999,183
40 domWdegRandom true false 2 1 1800 2750 3250 -200 -100 3 2 true,Cc1[nH]nnc1O\[TH+]=C(c2csnc2SN3CC3(F))\T,1748,817,426304,2832,-122
40 domWdegRandom true false 2 1 1800 3750 4250 -400 -300 2 2 true,c1cn[nH]c1[TH+]c2nsnc2T\C(C(I)Br)=[TH+]/S,4331,2090,941703,4140,-302
40 domWdegRandom true false 2 1 1800 0 5000 -400 500 2 2 true,C1(COTOOCN1)=[TH+]S[C@H]CO[C@]2(C=C2)TSBr,2784,1322,965816,3271,-292
40 domWdegRandom true false 2 1 1800 2750 3250 -200 -100 2 3 true,C#[C@@]Cc1[nH]c2c(ST2)c1[C@@](=CI)C(T)OX,1697,798,412338,3140,-157
40 domWdegRandom true false 2 1 1800 1750 2250 -400 -300 1 4 true,C(OTC([TH+](CX)C/C=N/C)=NT1)C1(R)C[C@]#C,461,206,167329,1770,-301
40 domWdegRandom true false 2 1 1800 2750 3250 100 200 2 4 true,O1S(=O)(=O)SN(F)C2(TC=C[C@H]SSC2)[C@H]1_,45,10,37691,2834,107
40 domWdegRandom true false 2 1 1800 3750 4250 -200 -100 2 4 true,S1OS(=O)(=O)OOOC(ST[C@@H]2CC2(I))=[C@]1_,639,286,163219,3782,-144
40 domWdegRandom true false 2 1 1800 3750 4250 100 200 3 3 true,FCc1n(c2oc3c(O[N+](X)=[C@]ON3)c2CI)ncc1C,35,4,47293,3899,126
40 domWdegRandom true false 2 1 1800 1750 2250 100 200 2 2 true,N1CTS[C@H]N=C(OOTN2T[C@]([C@]=C)O2)[C@]1,448,200,136208,2151,108
40 maxMarginal true false 2 1 1800 2750 3250 -400 -300 3 4 true,C1TC(C(C2CTCTC2)COCC(C(C)COOCC3TCTC3))C1,41,2,103541,2940,-301
40 maxMarginalLDS true false 2 1 1800 2750 3250 -400 -300 3 4 true,C1TC(C(C2CTCTC2)COCC(C(C)COOCC3TCTC3))C1,40,1,189250,2940,-301
40 domWdegRandom true false 2 1 1800 0 5000 -400 500 3 3 true,XCN(N=NN=T)c1ccoc1CSc2cccnc2C(CC3(F))N3F,1262,580,496888,3501,323
40 domWdegRandom true false 2 1 1800 3750 4250 100 200 2 3 true,S1C[C@@]2(SN=COTN=C2(Cl))[C@]S[C@@](Br)OS1,259,102,135872,3798,133
40 domWdegRandom true false 2 1 1800 0 5000 -400 500 2 2 true,ClOc1nccn1Oc2c(X)nnnc2[C@]N([C@]C#CC=C)TC,33,1,45610,3175,-121
40 domWdegRandom true false 2 1 1800 2750 3250 -200 -100 2 3 true,c1snnc1[C@@H][TH+]c2c[nH]nc2N(T(T(T)))CI,712,323,158946,3190,-197
40 domWdegRandom true false 2 1 1800 1750 2250 -400 -300 1 4 true,TOO\[TH+]=C(Cc1[nH]nc(F)c1[C@]C(T)(X))/S,1784,842,617563,2021,-317
40 domWdegRandom true false 2 1 1800 3750 4250 -200 -100 1 3 true,ROCTCOOT[TH+](Br)C=CC1(F)C=CC(Br)=N[N+]OC1,600,260,167082,3898,-143
40 domWdegRandom true false 2 1 1800 2750 3250 -200 -100 1 4 true,[C@@H](O[C@@](=C)C(C)(TBr)OOTR)TOOc1cocc1,335,146,304764,2929,-101
40 maxMarginalStrengthLDS true false 2 1 1800 0 5000 -400 500 1 2 true,C1CC(CC(TCOCCCCOCCTCOCC)CCCCOCTCOCTC)TC1,41,0,125363,4140,-31
40 maxMarginalLDS true false 2 1 1800 3750 4250 -200 -100 1 2 true,C(CC(CTC)C#CTCOCOCOCOC)CCCTCCCOCC1CTCTC1,41,1,106249,3960,-105
40 maxMarginal true false 2 1 1800 3750 4250 -200 -100 1 2 true,C(CC(CTC)C#CTCOCOCOCOC)CCCTCCCOCC1CTCTC1,41,1,142830,3960,-105
40 domWdegRandom true false 2 1 1800 3750 4250 -400 -300 2 3 true,BrOc1[nH]c2c(N([O-])TOCT[TH+]2)c1TOC(CI)C,2952,1412,646134,4028,-335
40 domWdegRandom true false 2 1 1800 3750 4250 100 200 3 3 true,RCc1c2c([N+]SSTTN2)c3(CC3)c1C(I)=N[N+]#N,540,247,180617,3761,148
40 domWdegRandom true false 2 1 1800 2750 3250 -200 -100 2 2 true,O1C2(CT2)N(ST[N+]=CSN=CN=C=CC#C)N=[C@]C1,261,102,92553,2782,-121
40 maxMarginal true false 2 1 1800 3750 4250 -400 -300 2 2 true,C1CC(CCOCCTCCOCC(CTCOCTCOCCC2TCOTC2))CC1,139,50,122236,3840,-313
40 maxMarginalLDS true false 2 1 1800 3750 4250 -400 -300 2 2 true,C1CC(CC#CCTCCSOC(CTCTCTCOCCC2TOCCC2))OC1,75,8,120787,3821,-325
40 domWdegRandom true false 2 1 1800 1750 2250 -200 -100 1 3 true,XCOc1[nH]ccc1C/C(SOT([TH+](T)T))=[C@H]/S,346,148,114124,2152,-182
40 domWdegRandom true false 2 1 1800 3750 4250 100 200 2 2 true,Cl\C(c1ncsc1F)=C([TH+]c2[nH]nnc2SCCCCBr)\T,22,0,42933,3956,104
40 maxMarginalStrengthLDS true false 2 1 1800 3750 4250 100 200 3 2 true,C1C(C2CC(COCCTCCTCCTCCCC3CCSCC3)CC2)TCC1,40,1,110199,3781,184
40 domWdegRandom true false 2 1 1800 2750 3250 -400 -300 2 4 true,N1=COTC[C@](R)(C[TH+](X)N(I)c2ccon2)TC1_,2786,1327,677795,3059,-311
40 domWdegRandom true false 2 1 1800 0 5000 -400 500 2 3 true,R[TH+][N+](N=O)ON=[C@H]ON(CC1(C2CC2))C1R,247,102,120351,2000,-122
40 domWdegRandom true false 2 1 1800 3750 4250 -400 -300 1 4 true,S1OO[N+]N=[TH+]N(TN=[C@@](=C(C(I)CBr)))S1,436,196,108425,4110,-329
40 maxMarginalLDS true false 2 1 1800 2750 3250 100 200 3 4 true,C1TC(C(C2CTCTC2)C(CCCC(C)C)CCC3TCTC3)CC1,39,0,107820,2880,117
40 domWdegRandom true false 2 1 1800 2750 3250 100 200 1 2 true,N1(N=C(X)SN=C[C@@H][C@H]C#CCCCl)TCN=NOCO1,256,103,94568,3016,155
40 maxMarginalStrength true false 2 1 1800 0 5000 -400 500 1 2 true,C1CC(CC(TCOCCCCOCCTCOCC)CCCCOCTCOCTC)TC1,41,0,70757,4140,-31
40 domWdegRandom true false 2 1 1800 0 5000 -400 500 1 4 true,c1noc(Cl)c1CN=CTSOOC=[TH+]C(S(Br))(F)[N+]F,2065,965,381812,3966,-115
40 domWdegRandom true false 2 1 1800 3750 4250 -400 -300 1 4 true,c1onnc1S(=O)(=O)N=NT[C@H]([C@](=CCl)I)CCX,699,319,148416,3845,-319
40 domWdegRandom true false 2 1 1800 2750 3250 -400 -300 2 3 true,[O-]c1oc(O[C@](SS2)C2(OBr)[TH+]X)nc1[TH+],608,267,201894,2861,-356
40 maxMarginalStrength true false 2 1 1800 1750 2250 100 200 3 3 true,T=CC(C1TC(C2TC=CC2)C(C=CC3=CTCC3)=C1)C__,384,173,158997,2220,118
40 domWdegRandom true false 2 1 1800 2750 3250 100 200 1 2 true,O1TSTSC(O\C(SCC\[C@@H]=C/C)=C/T)=[N+]S1_,260,103,109731,2804,152
40 domWdegRandom true false 2 1 1800 2750 3250 -400 -300 1 3 true,XSC[C@](=C(C(Br))T1)N1C=NO[TH+]S/N=[C@]\S,361,154,114919,3132,-304
40 maxMarginalStrengthLDS true false 2 1 1800 1750 2250 -200 -100 3 3 true,C#CC(C1TC(C2TC=NC2)C(TTCC3=CTCC3)=C1)C__,51,2,105704,2230,-115
40 maxMarginalStrengthLDS true false 2 1 1800 1750 2250 100 200 3 4 true,C=CC(C1TC(C2=CTTC2)C(C3CCC3(TTC))=C1)C__,45,3,112015,2120,142
40 maxMarginal true false 2 1 1800 2750 3250 100 200 2 4 true,C1CC(CC(CC(CC(COCCC)C=CCC)C2TTTC2)CT)TC1,46,3,138631,3040,109
40 domWdegRandom true false 2 1 1800 1750 2250 -200 -100 2 4 true,FTC(C)c1c([C@](=CC([N+]OT)=COT)T2)c2nn1R,1286,598,336379,2090,-178
40 maxMarginalStrength true false 2 1 1800 2750 3250 -200 -100 3 3 true,COC1CC(C2TC(CCOCC#CC(CTCC3TTC=C3))C2)TC1,35,0,85891,2860,-102
40 domWdegRandom true false 2 1 1800 3750 4250 100 200 3 3 true,XSTSc1n(F)ncc1[N+]=NC2(CC2)c3ccc(Cl)n3SCCl,599,264,302063,3953,179
40 domWdegRandom true false 2 1 1800 0 5000 -400 500 2 3 true,TO\N=[N+](c1snnc1OST([C@@](=CC2)C2CF))\C,27,1,26360,2752,-49
40 domWdegRandom true false 2 1 1800 3750 4250 100 200 2 2 true,R[TH+]=Cc1nc2c(OON2(T[C@H]=CCSSC=CCI))s1,28,2,42270,4112,102
40 maxMarginalStrengthLDS true false 2 1 1800 3750 4250 -200 -100 2 4 true,C1CC(C(TCCCC(SOCTCOC(COCTC))C2OCOC2))OC1,493,30,537511,3761,-109
40 domWdegRandom true false 2 1 1800 2750 3250 100 200 3 4 true,c1sc2c(SCN=NO2)c1OTN(CC3(=C))C3(C)C=NC#N,812,369,358315,3192,154
40 domWdegRandom true false 2 1 1800 2750 3250 -400 -300 2 4 true,[N+](F)N(F)CN([C@H]N1(OCC2SS2))[TH+]1N=S,4499,2170,847591,2753,-341
40 maxMarginal true false 2 1 1800 2750 3250 -200 -100 2 3 true,C1CC(CC(CC(CC=CTCOCTCOC=COC))C2TCTC2)TC1,40,0,107623,3200,-162
40 maxMarginalLDS true false 2 1 1800 2750 3250 -200 -100 2 3 true,C1CC(CC(CC(CC=CTCOCTCOC=COC))C2TCTC2)TC1,40,0,93880,3200,-162
40 domWdegRandom true false 2 1 1800 1750 2250 100 200 1 3 true,CCC1(N(X)SO1)ON([C@@H]=NTC)[C@@H][C@@]#N,1856,874,530450,2141,102
40 domWdegRandom true false 2 1 1800 2750 3250 100 200 1 2 true,c1onnc1SOTC[C@@]O[C@](C[C@@](C)Cl)=NOC=NF,600,266,270120,3246,114
40 domWdegRandom true false 2 1 1800 3750 4250 -200 -100 1 2 true,Cl[TH+]TN(C)SSTSc1cc(I)[nH]c1[TH+]=[C@H]Cl,27,1,28045,3982,-126
40 domWdegRandom true false 2 1 1800 1750 2250 -400 -300 2 2 true,c1cn([C@H])cc1[TH+](TT[TH+]C#CSF)c2nnco2,3611,1739,979727,2221,-308
40 domWdegRandom true false 2 1 1800 0 5000 -400 500 1 4 true,F[C@]T[C@](=T)SSTc1oc(F)cc1N=NC(O(F))SCBr,62,14,39246,3932,118
40 maxMarginalLDS true false 2 1 1800 2750 3250 -400 -300 1 3 true,C(CC(C#CC#CC(C#CCOCOCOCC)TTTC1CTCTC1))C_,38,0,86991,3140,-303
40 maxMarginal true false 2 1 1800 2750 3250 -400 -300 1 3 true,C(CC(C#CC#CC(C#CCOCOCOCC)TTTC1CTCTC1))C_,38,0,94604,3140,-303
40 domWdegRandom true false 2 1 1800 1750 2250 -200 -100 2 4 true,S1[N+][C@H]COTN(S[N+](C(X))([C@])O2)N2C1,3232,1545,603136,2242,-194
40 domWdegRandom true false 2 1 1800 2750 3250 -200 -100 3 3 true,RSN(c1ncn(T)c1C#CC(OC2)C2T)Cc3cc[nH]c3CT,3985,1922,817093,2841,-106
40 domWdegRandom true false 2 1 1800 3750 4250 -400 -300 2 3 true,N#[C@@]N1[TH+][TH+]TOOC(C(TBr)(CI)O2)C2S1,170,72,55702,3789,-311
40 maxMarginalStrength true false 2 1 1800 2750 3250 100 200 2 4 true,C1CC(C2TC(C(CC(=CCOCCCCCTCCCTT)))TC2)CC1,41,0,85283,3040,149
40 domWdegRandom true false 2 1 1800 0 5000 -400 500 3 2 true,FTc1snnc1Oc2[nH]nnc2N(C=C)Cc3ccc(C)cc3SI,2785,1324,752827,4871,189
40 domWdegRandom true false 2 1 1800 2750 3250 -200 -100 2 2 true,C1=N[N+]2([TH+]OCOCTS2)[C@@](I)=NT[C@]C1,45,9,52831,3130,-200
40 domWdegRandom true false 2 1 1800 0 5000 -400 500 2 3 true,c1nn(X)cc1TSSc2snnc2CN=C=C(C)C([C@@H]Cl)F,1066,479,274637,3608,181
40 maxMarginal true false 2 1 1800 1750 2250 100 200 3 3 true,C1CC(C(C2CCTCC2)(C[C@])[C@]3OCTTC3)TC1__,1319,642,542893,2200,120
40 maxMarginalStrengthLDS true false 2 1 1800 2750 3250 100 200 2 3 true,C1CC(C2TC(C(=CC=CCCCCSCCTCTC=CF))TC2)TC1,41,0,74982,3201,193
40 maxMarginalLDS true false 2 1 1800 1750 2250 100 200 2 3 true,C1CC(C(C(TC=C=C=CC=C)=C=CC2TTCTC2))TC1__,263,20,417153,2220,115
40 domWdegRandom true false 2 1 1800 0 5000 -400 500 3 2 true,N(X)(c1cscn1)N=Cc2nn[nH]c2N=NCc3ccccc3I_,251,101,149530,4350,324
40 domWdegRandom true false 2 1 1800 2750 3250 -200 -100 2 2 true,I[N+][C@@H](F)c1[nH]nnc1O\N=C(TC2=CT2)/O,113,45,59975,3229,-143
40 domWdegRandom true false 2 1 1800 0 5000 -400 500 2 3 true,RN=[TH+]c1n(c2[nH]c(R)nc2OF)ccc1CCC(C)OR,249,101,109088,2490,-38
40 domWdegRandom true false 2 1 1800 3750 4250 100 200 2 2 true,BrCc1snc(N=CC2TC2)c1CO[C@@H]C=NC(=NSCCl)OX,35,4,57303,4236,187
40 domWdegRandom true false 2 1 1800 3750 4250 -400 -300 1 4 true,S1[TH+]SC[N+](R)(C(I)[C@](=C)N=NCCCl)TOO1,31,4,25944,3816,-318
40 domWdegRandom true false 2 1 1800 3750 4250 -200 -100 1 2 true,CCSCSOc1c([TH+]=NN(Br)[N+]C#CCTT)c[nH]c1Cl,34,5,36768,3826,-100
40 domWdegRandom true false 2 1 1800 1750 2250 -400 -300 2 2 true,C[C@H]c1c(N=NST[C@]2(=[TH+]CC=T))c2nn1TR,724,329,284295,1901,-320
40 domWdegRandom true false 2 1 1800 0 5000 -400 500 1 4 true,N1CTN=CS[C@]([N+]SN=NTT(C=C(C(C))))=C1__,287,117,81428,2422,64
40 maxMarginalStrength true false 2 1 1800 3750 4250 -400 -300 3 2 true,C1C(C2TC(COCC#CCOCCTCOCC3TSOCC3)OC2)OCC1,316,139,171079,3841,-300
40 maxMarginal true false 2 1 1800 2750 3250 100 200 1 3 true,C(CC(C=CC=CC(C=CC=C)CCCCCTTTC1CTCTC1))C_,41,0,109410,2980,157
40 domWdegRandom true false 2 1 1800 3750 4250 -200 -100 1 3 true,BrTSN=CC[N+]1(N(C)N1)C([C@]#N)[N+][C@@H]I,255,102,106076,4049,-126
40 domWdegRandom true false 2 1 1800 2750 3250 100 200 1 3 true,S([TH3+])Tc1n[nH]c(O/C=C(SCSCOCT)/[C@])c1,569,252,172506,2763,111
40 domWdegRandom true false 2 1 1800 2750 3250 -400 -300 1 2 true,Clc1sncc1S(=O)(=O)COOC[TH+]T[C@@H][C@@]#N,264,112,67202,2777,-339
40 maxMarginalStrengthLDS true false 2 1 1800 1750 2250 -400 -300 3 4 true,O=CC(C1TC(C2=CTCC2)C(TC(C3TTOC3))=C1)C__,92,10,135185,2160,-327
40 domWdegRandom true false 2 1 1800 3750 4250 100 200 1 4 true,ClTC1(TN(C(Cl))C1(CSSS[C@]#CTTC))[C@]C=CTBr,1773,827,459400,3912,151
40 maxMarginalStrength true false 2 1 1800 2750 3250 -400 -300 3 4 true,TTC1CC(C2TC(CCOCC(CT)CO(C3CTCOC3))C2)OC1,1209,587,217883,2960,-316
40 domWdegRandom true false 2 1 1800 2750 3250 100 200 2 4 true,ClC1(SOOTCT1)N=Cc2nonc2C=[C@@](C(Cl)(C))CT,182,76,59376,3221,136
40 domWdegRandom true false 2 1 1800 0 5000 -400 500 3 3 true,XO\C(c1c2c(N=[C@]CO2)c3(OO3)c1)=C/[C@@H],1058,484,303665,2040,197
40 maxMarginalStrengthLDS true false 2 1 1800 3750 4250 -200 -100 1 3 true,C1CC(C(#COCCSCTC(CCTCCTCCTCOCCC)CTF))CC1,151,13,161415,3841,-106
40 domWdegRandom true false 2 1 1800 3750 4250 100 200 3 2 true,F/N=C([C@]1SN1(c2c[nH]cc2CCc3snnc3I))\O_,3156,1512,670511,4221,153
40 domWdegRandom true false 2 1 1800 1750 2250 -200 -100 1 2 true,[C@H][TH+]c1n(R)nnc1OT[C@H]T\C=C(OCCC)\O,263,105,124537,2110,-177
40 maxMarginalStrengthLDS true false 2 1 1800 3750 4250 -400 -300 2 3 true,C1CC(C(TCOCCOCC(CTOCCOCCTCOCC2OOCC2)))C1,1023,107,1163887,3880,-319
40 domWdegRandom true false 2 1 1800 3750 4250 100 200 2 3 true,ROT[C@H]=C[N+](=Nc1c(OI)cc2(CC2)c1OSTX)Cl,345,150,135035,3845,176
40 domWdegRandom true false 2 1 1800 1750 2250 -400 -300 1 4 true,CO[TH+](N(Cl)C(X)[TH3+])N(TCS1)[C@H]1C=NCR,61,16,32991,2096,-344
40 domWdegRandom true false 2 1 1800 2750 3250 100 200 2 4 true,O1OON=NT[N+]2(TOCC(I)=C(C#C(C))T2)[C@H]1,1788,833,595172,3219,117
40 domWdegRandom true false 2 1 1800 3750 4250 -200 -100 2 4 true,XCS[TH+]TTc1c(SF)cc(OOCCC2(N(Br)F))c2c1TCl,2813,1337,591908,3916,-103
40 domWdegRandom true false 2 1 1800 1750 2250 -200 -100 3 2 true,RSN=Cc1onnc1[C@@]([N+]C2(C3TT3))[C@@H]2F,670,303,262606,2131,-190
40 domWdegRandom true false 2 1 1800 2750 3250 -200 -100 3 2 true,Clc1oc(F)cc1Oc2onnc2c3ncc([TH+]OC[TH+])s3,252,104,100048,3176,-145
40 domWdegRandom true false 2 1 1800 3750 4250 100 200 3 2 true,Br[C@H]Tc1[nH]ncc1c2sc3c(SC3)c2SN=C(T)OOC,258,106,97841,3892,179
40 domWdegRandom true false 2 1 1800 1750 2250 -200 -100 1 2 true,C[N+]=[C@@]=NCON=NON(N=CC1(=C=T))N1[C@H],48,9,31348,2220,-130
40 domWdegRandom true false 2 1 1800 3750 4250 100 200 2 3 true,O1[N+]N(N=S)C(CCSSC2(CCCCBr))=C2OS[TH+]C1,50,12,52707,4183,167
40 domWdegRandom true false 2 1 1800 2750 3250 100 200 1 3 true,[TH3+]TTc1occ(T[N+]=CCC(Br)(C)Cl)c1[C@@H]=S,370,157,159625,2945,108
40 domWdegRandom true false 2 1 1800 0 5000 -400 500 2 4 true,c1cc2(OOTTOO[C@H]2(X))c(R)c1SCC(C)[C@]#N,40,6,40571,2381,101
40 domWdegRandom true false 2 1 1800 1750 2250 -400 -300 2 3 true,N1OSSOO[TH+]([C@@]CN(T)[C@]2(X))C2[C@@]1,1073,493,379862,2092,-310
40 domWdegRandom true false 2 1 1800 2750 3250 -400 -300 1 2 true,O(F)OC[TH+]OCCO[N+]1[TH+]TC(CC#CC=C)SCO1,586,258,183012,2801,-400
40 maxMarginalLDS true false 2 1 1800 1750 2250 -200 -100 3 2 true,C1CC(C(CCC#C[C@]2CCC2)=C=CC3TTTTC3)TC1__,68,6,177974,2240,-109
40 domWdegRandom true false 2 1 1800 3750 4250 100 200 1 4 true,c1n(I)cnc1[C@@]=[N+][N+](N=T)SN=C(T(Br))F,620,276,193718,4039,100
40 domWdegRandom true false 2 1 1800 1750 2250 100 200 2 2 true,TN=Cc1oc(Cl)cc1C2S[C@]=CTC[C@@](=T)[TH+]2,864,396,196492,2246,103
40 domWdegRandom true false 2 1 1800 3750 4250 -200 -100 2 4 true,ClOOTc1c(R)[nH]nc1[N+](N2N=C(C#C)C2(I))=S,128,52,53285,3815,-106
40 domWdegRandom true false 2 1 1800 2750 3250 -200 -100 3 2 true,[O-]c1n[nH]nc1N2STCC(CC3(CCl))C3[N+]=NO2_,38,6,54096,2886,-132
40 maxMarginalStrength true false 2 1 1800 1750 2250 -400 -300 1 2 true,C#CC(C(C=C=C=C=NCTCTCTCC1TTN=C1))C______,125,46,104726,2240,-341
40 domWdegRandom true false 2 1 1800 3750 4250 100 200 3 2 true,XC1(O[TH+]1)Tc2occc2T/C=C(TSc3ncccc3I)/S,277,115,213586,3881,192
40 domWdegRandom true false 2 1 1800 2750 3250 -200 -100 2 3 true,O1N(Br)[N+](CC#CSTCl)(OT2)[N+]2[C@]TC1____,35,2,58824,2865,-122
40 domWdegRandom true false 2 1 1800 0 5000 -400 500 2 2 true,FN=NOOSSc1occc1N=CON(Br)C=CC2([C@][C@]2)Br,268,105,99418,4900,376
40 maxMarginalLDS true false 2 1 1800 1750 2250 100 200 1 4 true,C(C(C1C(C(C=CTC#CTC#CCC=CTC))TTC1))C____,270,20,354398,2240,106
40 maxMarginalStrength true false 2 1 1800 1750 2250 -200 -100 2 2 true,C#CC(C1TC(C#CC=CTTOTC2[C@]CCC2)TC1)=C___,47,7,114396,2240,-110
40 domWdegRandom true false 2 1 1800 2750 3250 -200 -100 1 2 true,C=[N+]c1[nH]cc(I)c1[TH+][C@H]T[C@]CC(X)C,575,252,248888,2889,-192
40 domWdegRandom true false 2 1 1800 1750 2250 -400 -300 1 4 true,N1CTO[TH+]S[TH+](STO(N(F)(CCl)))[C@@]1___,584,256,188215,2207,-304
40 maxMarginalStrengthLDS true false 2 1 1800 2750 3250 -200 -100 2 2 true,C1CC(CT)C(CC#CC#CC#CC=CCCOCTC2TTOCC2)TC1,41,0,96278,3080,-158
40 domWdegRandom true false 2 1 1800 3750 4250 -400 -300 3 4 true,BrN([N+]I)C1C(C(SC2(=NCTR))[TH+]2C3)N3TN1,4314,2079,1185469,3899,-354
40 domWdegRandom true false 2 1 1800 3750 4250 -200 -100 1 3 true,ROTCTOSOSN1[C@@H]C=[C@@]([C@](=C)(I))CS1,477,214,87015,3772,-150
40 domWdegRandom true false 2 1 1800 2750 3250 -400 -300 1 2 true,S1COTSOC(=[C@@]C=COT[C@@](=C)TTBr)[C@@H]1,40,6,38986,2951,-314
40 domWdegRandom true false 2 1 1800 2750 3250 -200 -100 1 4 true,c1snc(CTCl)c1N(C[TH+])C[C@](TOF)(C#N)OC#N,2887,1371,490484,2896,-132
40 maxMarginalStrengthLDS true false 2 1 1800 2750 3250 -400 -300 1 2 true,O=CC(C(=C=CTTC=CC#CC#CCTCOCOC#CC)TTC1)C1,43,3,133415,2920,-307
40 domWdegRandom true false 2 1 1800 3750 4250 100 200 3 2 true,FSc1sc2c(ON(SBr)N=CST2)c1c3n[nH]cc3C#[C@],306,129,199198,4203,200
40 maxMarginalLDS true false 2 1 1800 2750 3250 -400 -300 2 4 true,C1CC(CC(CC(CCTCOC(CC)C2CTCON2)TTTOC))CC1,171,15,213129,3250,-314
40 maxMarginal true false 2 1 1800 2750 3250 -400 -300 2 4 true,C1CC(CC(CC(CC(COCTCOC)COF)C2TTTC2)=C)TC1,340,151,182081,3120,-301
40 domWdegRandom true false 2 1 1800 3750 4250 -200 -100 1 3 true,R[C@@H][N+]N=NCOSTCCC(I)(Br)[C@](=CT1)N1R,453,200,96793,4059,-139
40 maxMarginal true false 2 1 1800 2750 3250 -200 -100 1 4 true,C(CC(C1CC(CC(COCC#CTC)CTCOCOCTC)TTC1))C_,41,0,87939,3220,-122
40 maxMarginalLDS true false 2 1 1800 2750 3250 -200 -100 1 4 true,C(CC(C1CC(CC(COCC#CTC)CTCOCOCTC)TTC1))C_,41,0,92527,3220,-122
40 maxMarginalLDS true false 2 1 1800 3750 4250 100 200 1 2 true,C(CC(CCC)COCTC=COCOCTC)COCTCCCOCC1CTCTC1,41,0,127169,3980,107
40 domWdegRandom true false 2 1 1800 2750 3250 -200 -100 1 4 true,O1[N+]N([C@H][N+]O(N(F)(I)))OT[N+]=CO1__,28,0,27229,3099,-102
40 domWdegRandom true false 2 1 1800 3750 4250 -200 -100 2 4 true,Br[N+]C(C(T))c1nc(T)c([C@H]CCOc2cnnn2Br)s1,4194,2021,830713,4089,-108
40 domWdegRandom true false 2 1 1800 1750 2250 100 200 1 4 true,S1N=NCN(N(F)C([C@](C))=N[C@@]#N)TTO1____,4377,2114,1109801,2161,102
40 maxMarginalStrengthLDS true false 2 1 1800 2750 3250 100 200 1 4 true,CTCC(C(=C(CCTC(CCCCC=CCOCTC=CT))C)TC1)C1,41,0,87488,3020,154
40 domWdegRandom true false 2 1 1800 0 5000 -400 500 3 3 true,Fc1oc2c(TOOOON2(OBr))c1[C@]([C@]CC3)=C3SR,193,82,64091,3540,180
40 domWdegRandom true false 2 1 1800 0 5000 -400 500 2 2 true,TCSS[C@@H]1S[C@]STN(O/[C@]=C\C2(CC2))TN1,25,0,35913,2804,158
40 domWdegRandom true false 2 1 1800 1750 2250 -400 -300 1 4 true,O=CTN(N1N(Cl)SOS[C@]1(=[TH+]))C(R)=[C@@H],6302,3076,1241079,2247,-356
40 maxMarginalStrength true false 2 1 1800 2750 3250 100 200 1 3 true,ClTCC(C(=C(C=CC=CC=CC=CCTCTC=CTCl)F)TC1)C1,41,0,67885,3250,100
40 domWdegRandom true false 2 1 1800 1750 2250 100 200 1 2 true,c1scc(X)c1N=NO[C@H]\N=C(TN=C=[C@@H]TR)/C,76,26,41962,2201,149
40 domWdegRandom true false 2 1 1800 3750 4250 -200 -100 1 4 true,[O-][C@@](Br)=NTC(CTCO(Cl))OCSN(OS1)[C@]1Cl,408,176,90818,3861,-122
40 domWdegRandom true false 2 1 1800 1750 2250 -400 -300 2 4 true,O1TSO[N+](T[C@]2(=[C@](=C(F)X)))N2OOC1__,2214,1049,614964,1931,-314
40 domWdegRandom true false 2 1 1800 0 5000 -400 500 1 2 true,[TH3+]N(c1n(S[C@])ccc1[C@]C=NN=CTN=NSC)I_,26,0,38949,3941,-51
40 domWdegRandom true false 2 1 1800 2750 3250 -200 -100 1 3 true,c1occ(Cl)c1O[N+]OC#CO[C@H]N=C(T([TH+]))CBr,69,20,49214,3234,-170
40 maxMarginalStrengthLDS true false 2 1 1800 0 5000 -400 500 1 3 true,C1CC(CC(TCOC(TCTCCCCCCCCCCCCTCCCC))C)TC1,211,17,174062,3780,307
40 domWdegRandom true false 2 1 1800 3750 4250 -200 -100 2 3 true,[C@]=C=[C@H]C1(STc2nnn(N(I)Br)n2)CO[C@]T1,4564,2191,840901,4129,-160
40 domWdegRandom true false 2 1 1800 0 5000 -400 500 3 4 true,RTTN(TC(C(CC1)C1C2)C2CC(SCOOI)=C3)[N+]3R,4318,2078,1200687,3670,32
40 domWdegRandom true false 2 1 1800 2750 3250 -200 -100 2 4 true,ICO/N=C(c1[nH]c(N(OC2)C2(T))nn1)/[C@@H]_,126,51,61541,3199,-112
40 domWdegRandom true false 2 1 1800 1750 2250 -400 -300 1 3 true,[TH3+]c1sc(Cl)nc1N=C[TH+](N(C)X)[TH+]OC#N_,1744,818,604142,2176,-355
40 domWdegRandom true false 2 1 1800 2750 3250 100 200 3 2 true,R\N=C(c1[nH]nnc1C2O[N+]N2(CCC3CCSSC3))\C,1239,579,720810,3122,104
40 domWdegRandom true false 2 1 1800 3750 4250 -200 -100 2 3 true,N#CS/[C@@](CN1C2(STC2)TSN1(SI))=[C@@H]\O,629,278,152120,3893,-116
40 maxMarginalStrength true false 2 1 1800 1750 2250 -200 -100 3 3 true,C#CC(C1TC(C2TC=NC2)C(C=CC3TCTTC3)=C1)C__,43,2,119459,2230,-149
40 domWdegRandom true false 2 1 1800 2750 3250 -200 -100 2 4 true,O(c1sc2c(TO[C@H](S(Br))C[TH+]2)c1R)SO[O-],2583,1236,389362,3162,-115
40 domWdegRandom true false 2 1 1800 1750 2250 -400 -300 1 3 true,[O-]TTTTTSN([C@](=C(Cl))[C@@]1)[C@H]1OC#N,664,301,324477,1906,-317
40 domWdegRandom true false 2 1 1800 2750 3250 -400 -300 2 2 true,[N+]TOT[TH+]Oc1[nH]ncc1N(TC2(I))C2[C@@]F,449,203,201431,3129,-308
40 domWdegRandom true false 2 1 1800 1750 2250 -200 -100 3 3 true,Xc1cc2c(O[C@]=NC2(=[N+]3(OT3)))n1T[C@]CC,1826,855,727647,1890,-107
40 domWdegRandom true false 2 1 1800 1750 2250 100 200 1 2 true,N1C[C@](R)TTCN(S[N+][N+]TC#CCCC[C@H])T1_,61,15,30227,2141,108
40 domWdegRandom true false 2 1 1800 3750 4250 -200 -100 1 4 true,S(F)c1[nH]nc([C@](=CBr)(I))c1TT[N+]\C=N/T,535,242,105125,3889,-111
40 domWdegRandom true false 2 1 1800 0 5000 -400 500 1 2 true,ClC[TH+]N=N[N+][C@](CC)=N[TH+](SN1)[N+]1F,27,2,28245,2286,-386
40 maxMarginal true false 2 1 1800 3750 4250 100 200 1 3 true,C(CC(COCCTCC)CCOCC(CCTCCTCCC)C1CTCCC1)C_,146,53,97656,3800,171
40 domWdegRandom true false 2 1 1800 2750 3250 -200 -100 1 3 true,Xc1[nH]nnc1O[C@@H](X)CSOTCC=CC(C(Br))[O-],66,19,27610,3210,-186
40 maxMarginalStrengthLDS true false 2 1 1800 2750 3250 -200 -100 3 3 true,COC1CC(C2TC(CCOCC#CC(CTCC3TTC=C3))C2)TC1,35,0,107945,2860,-102
40 domWdegRandom true false 2 1 1800 2750 3250 100 200 2 3 true,XN(C(OSN=NCSC[N+]C)([C@@H]C1)C1O2)C2CCTF,632,276,225293,3092,105
40 maxMarginal true false 2 1 1800 3750 4250 -200 -100 3 4 true,C1CC(CC(CTCTCC2TC(CI)C(C3TCTCCC3)C2))SC1,547,256,294181,4180,-113
40 maxMarginalLDS true false 2 1 1800 3750 4250 -200 -100 3 4 true,C1CC(CC(COCOCSC2SC(C(CX)C3OTTC3)OC2))SC1,78,6,199431,3783,-105
40 domWdegRandom true false 2 1 1800 0 5000 -400 500 3 4 true,RTc1cnc([TH+]c2oc(Cl)c(Cl)c2c3onnc3T(Br))o1,26,1,46341,3499,96
40 maxMarginalStrength true false 2 1 1800 3750 4250 100 200 1 3 true,C1CC(C(CC(CCTC)CCTCTCCCCCOCTCCCCCTC))CC1,52,6,80299,3780,175
40 domWdegRandom true false 2 1 1800 3750 4250 -400 -300 3 4 true,c1[nH]ncc1[TH+](I)C(C(OTC2(Cl))N2OON3)N3F,92,35,40967,3754,-316
40 maxMarginalStrengthLDS true false 2 1 1800 3750 4250 100 200 1 4 true,C1CC(CC(C(CC)CTCCOCTC(OCCOCOCCCCCT)))SC1,194,16,188466,4021,175
40 domWdegRandom true false 2 1 1800 3750 4250 100 200 2 4 true,BrOc1snc(O[C@@H]N(=NC(Cl)(C)Cl))c1c2nccn2TT,898,410,234754,3980,100
40 domWdegRandom true false 2 1 1800 1750 2250 -400 -300 1 3 true,F/C=C(O[N+]/N=[N+](X)/C(OTTC1TN1))\[C@H],573,256,348132,1760,-336
40 domWdegRandom true false 2 1 1800 2750 3250 -400 -300 2 2 true,c1c([C@@]I)nnn1TTTC([C@@]N2)N2[C@][C@@H],1043,480,306064,2899,-304
40 domWdegRandom true false 2 1 1800 3750 4250 -400 -300 1 2 true,[O-]c1c(Br)[nH]nc1SCN=C([TH+]SOC[TH3+])SCBr,1051,481,308582,4221,-324
40 maxMarginalLDS true false 2 1 1800 1750 2250 -200 -100 2 3 true,C1CC(C(C#CC(CC=C[C@])=C=CTC2TTTC2))TC1__,39,0,100858,2100,-114
40 maxMarginal true false 2 1 1800 1750 2250 -200 -100 2 3 true,C1CC(C(C#CC(CC=C[C@])=C=CTC2TTTC2))TC1__,39,0,103671,2100,-114
40 maxMarginalLDS true false 2 1 1800 2750 3250 100 200 1 2 true,C(CC(CSC)C#CC=CCC=C=C=C=C)CCCTTTC1CTCTC1,41,0,68477,3241,159
40 domWdegRandom true false 2 1 1800 1750 2250 -200 -100 3 3 true,N1=NN(SN2([TH+](c3ccccc3)))N2C[TH+]TCO1_,660,298,378426,2231,-171
40 domWdegRandom true false 2 1 1800 3750 4250 -200 -100 1 4 true,[TH+]\C(c1oc(I)c(SOSCCl)c1TN(T)OX)=[C@]/C,265,106,80703,3926,-101
40 domWdegRandom true false 2 1 1800 2750 3250 100 200 1 4 true,O1S(=O)(=O)N(OCC\C(CCl)=C\[C@])SN=[C@]OT1,26,0,20813,2967,104
40 maxMarginal true false 2 1 1800 1750 2250 -400 -300 1 3 true,C(C(C(C=C=C)COC#C[N+]C=CTC1TTTTC1))C____,127,46,118148,2160,-311
40 maxMarginalLDS true false 2 1 1800 1750 2250 -400 -300 1 3 true,C(C(C(C=C=C=C=C=T)=NC#COCC1TTTTC1))C____,108,11,135444,2090,-339
40 maxMarginalStrength true false 2 1 1800 0 5000 -400 500 3 4 true,C1C(TC(C2CCCC(OC3OC3(CCCTCCCCC))C2))SCC1,1254,607,420716,3521,282
40 domWdegRandom true false 2 1 1800 3750 4250 100 200 1 3 true,S(Br)/[TH+]=[N+](N(=NCTOCOSCSCCCC1CC1))/C,119,45,31063,3882,120
40 domWdegRandom true false 2 1 1800 1750 2250 -200 -100 2 2 true,O1C=CC(F)(Oc2ccnn2[N+]=NC=T)C=NT[TH+]1__,1737,816,633874,2220,-166
40 domWdegRandom true false 2 1 1800 3750 4250 -400 -300 1 2 true,R[C@H](I)C(TN1OST1)TSCC#[C@@][C@@H][N+]Br,2909,1386,646939,3940,-307
40 domWdegRandom true false 2 1 1800 1750 2250 -200 -100 3 3 true,Clc1c[nH]cc1O\[C@@]=C(N2N(C3TTC3(X))O2)\C,173,73,61380,2245,-146
40 domWdegRandom true false 2 1 1800 2750 3250 100 200 1 4 true,BrCc1c(X)c(N(=NOC\N=[TH+]\C(T)))sc1S[N+]C,38,5,51174,3231,103
40 maxMarginalStrengthLDS true false 2 1 1800 1750 2250 100 200 1 2 true,CCCC(C(C=C=C[C@H]TOTCTOC1TTC=C1))C______,75,11,91458,2200,110
40 domWdegRandom true false 2 1 1800 3750 4250 100 200 1 3 true,c1onc(X)c1N(R)N(N=NN=[C@]CCCCCCSBr)[C@@]C,37,4,36645,3750,162
40 maxMarginalLDS true false 2 1 1800 0 5000 -400 500 1 3 true,C(CCCCCC(CCCCC(C1CCTC1)CCCTCCTCTCCTCC))C,230,18,205083,3760,299
40 domWdegRandom true false 2 1 1800 1750 2250 -200 -100 2 2 true,Cl[C@H]=NOTCc1oc(T[TH+](R)OC[C@H]N2)c2c1X,601,268,224381,2155,-165
40 domWdegRandom true false 2 1 1800 2750 3250 100 200 2 3 true,COO/C(c1oncc1c2scnc2O[N+](Cl)(C))=[C@H]/C,1066,486,386226,3166,113
40 domWdegRandom true false 2 1 1800 3750 4250 -200 -100 2 3 true,N#COTOc1cocc1c2onnc2OC[C@](=C(C(CCl)Br))CX,1243,572,245583,4024,-140
40 domWdegRandom true false 2 1 1800 2750 3250 -200 -100 2 3 true,[O-]Oc1[nH]c2c(OC[N+]S[N+]2(=T))c1C(=T)I,4384,2114,851219,3240,-191
40 domWdegRandom true false 2 1 1800 3750 4250 100 200 2 4 true,N(Br)(c1[nH]ccn1)OCC#CSSC2(C(C)T2)T\C=N/S,2952,1406,607771,3762,145
40 domWdegRandom true false 2 1 1800 2750 3250 -400 -300 2 2 true,ClT[TH+]=NTc1ocnc1TSOC#CC([TH+]=C2(F))C2Br,1922,899,487958,3235,-326
40 domWdegRandom true false 2 1 1800 2750 3250 -400 -300 3 2 true,IN1STS[TH+][TH+]N(COC2(CC3CT3))[C@H]2T1_,264,107,118136,3161,-343
40 domWdegRandom true false 2 1 1800 3750 4250 -200 -100 2 2 true,C[N+]=NO[C@]#[C@@]c1snnc1OSC(C2(OC2)Cl)TBr,348,146,134453,3846,-127
40 maxMarginalStrength true false 2 1 1800 1750 2250 -400 -300 3 4 true,O=CC(C1TC(C2=CTTC2(C(C#C)TC3OT3))CC1)C__,100,32,127105,2140,-320
40 domWdegRandom true false 2 1 1800 3750 4250 -200 -100 3 4 true,c1sc(c2cc(X)no2)c(c3cocn3)c1OO[C@](=C)TI,1086,497,415606,4000,-119
40 domWdegRandom true false 2 1 1800 0 5000 -400 500 2 4 true,ClN=CON=NN=CTc1sc(C)cc1CC(C(F)=C2(SBr))N2X,34,1,40845,4246,282
40 domWdegRandom true false 2 1 1800 1750 2250 -400 -300 1 2 true,CT[N+]/[N+]=C([C@@]S\N=[TH+]\N(N1TC1))\S,1718,816,1123175,1922,-307
40 domWdegRandom true false 2 1 1800 3750 4250 -200 -100 3 3 true,CTOc1[nH]c2c(TN=C[TH+]O2)c1TSC3(C(I)T3)Br,1332,620,358792,3989,-111
40 maxMarginal true false 2 1 1800 3750 4250 100 200 2 4 true,C1CC(CC2CCSCC2(C(C(COCTCOCCCTC)CT)F))SC1,52,6,117087,3902,140
40 maxMarginalStrengthLDS true false 2 1 1800 2750 3250 -400 -300 3 4 true,COC1CC(C2TC(COCC3TTOC3(COC(CTC)))TC2)OC1,269,20,244768,2980,-304
40 domWdegRandom true false 2 1 1800 0 5000 -400 500 1 3 true,S([N+])C(C([C@@]#[C@]SSTR)=[C@]TC1)N1STI,258,101,90802,3613,-35
40 domWdegRandom true false 2 1 1800 2750 3250 -200 -100 1 2 true,N#CN(N1N(CC#C[C@@][C@]=CCCl)N=NN1)TN=NC#C,33,1,55663,2895,-104
40 maxMarginalStrength true false 2 1 1800 3750 4250 -200 -100 1 3 true,C1CC(C(CC)CCTCOCCTCOCCOCCOCTCCC(CTC))CC1,78,20,81324,3980,-102
40 domWdegRandom true false 2 1 1800 1750 2250 -200 -100 2 3 true,O(TO1)C1C(N=N[TH+][C@]2(=O))N2C=CT[C@]#N,2780,1327,898770,1790,-152
40 domWdegRandom true false 2 1 1800 2750 3250 -400 -300 1 2 true,S1ST[C@]C=C(N(T)C=[TH+]OCC#[C@]N=C=S)CS1,812,369,212750,2874,-304
40 domWdegRandom true false 2 1 1800 3750 4250 100 200 1 2 true,BrON(N(X)[N+]CSc1sccc1Cl)TSC#[C@][C@@]=C=O,580,252,196152,3997,126
40 domWdegRandom true false 2 1 1800 3750 4250 -400 -300 1 3 true,I[TH+]SCC(C[C@](=C)CC=NF)(OOTTO1)[N+]1OCl,624,279,226791,3985,-341
40 domWdegRandom true false 2 1 1800 0 5000 -400 500 1 3 true,c1sncc1C\N=C(T\C=[C@](F)\C(OTTTSTCCF))\C,264,103,89409,2902,14
40 domWdegRandom true false 2 1 1800 2750 3250 -200 -100 1 2 true,XTN(R)TN=Cc1ncsc1[N+]=C=[C@@][C@](=CBr)OF,26,0,30703,3040,-137
40 maxMarginalLDS true false 2 1 1800 3750 4250 100 200 3 4 true,C1CC(CC(CTCTCSC2SC(C(C3SCCC3)OT)TC2))SC1,82,6,222468,3764,184
40 maxMarginalLDS true false 2 1 1800 2750 3250 -200 -100 3 2 true,C1TC(C(C2C=CCC2)COOOCC#COCOCC3CTTTC3)TC1,56,4,144079,3200,-166
40 domWdegRandom true false 2 1 1800 0 5000 -400 500 1 2 true,T=NC=CSN=[C@]N=NTTC(OC1(=CCl))[C@H]1[TH3+],584,251,237216,2296,-208
40 domWdegRandom true false 2 1 1800 2750 3250 100 200 3 3 true,TTOSOCTOc1occ(X)c1S[C@]#CCC2(C3(CC3)C2)F,3577,1724,750407,3142,131
40 domWdegRandom true false 2 1 1800 3750 4250 -200 -100 2 2 true,ClCC/[TH+]=[C@@](c1onnc1Tc2nonc2N(I)CF)/S,267,111,143801,4165,-108
40 domWdegRandom true false 2 1 1800 2750 3250 100 200 2 2 true,S1SC=[C@H][C@@]2(CS[C@@]2(TCC=NSCT))CTO1,260,102,83698,2774,107
40 maxMarginalStrengthLDS true false 2 1 1800 2750 3250 100 200 3 2 true,FSC1CC(C2TC(C=CC=CCOCC=CC3TTCTC3)CC2)TC1,40,0,85081,3201,119
40 domWdegRandom true false 2 1 1800 0 5000 -400 500 2 4 true,N1ON(T([TH+]c2sc(Br)c(CCl)c2F))O[C@@]TST1_,1058,476,229440,3346,133
40 maxMarginalStrengthLDS true false 2 1 1800 0 5000 -400 500 2 4 true,C1CC(CC(C(TCCCCTC(CCTCTC2CCCC2)COC)))TC1,224,18,241074,3200,202
40 domWdegRandom true false 2 1 1800 1750 2250 -200 -100 1 4 true,RS(=O)(=O)TT\N=C(S(N=C[C@]1[C@@H]=C1))/T,247,103,460390,1842,-197
40 domWdegRandom true false 2 1 1800 1750 2250 -400 -300 1 2 true,O(F)c1cscc1N=[TH+]O[N+]SCT[TH+](X)[C@H]_,127,52,47620,2232,-300
40 domWdegRandom true false 2 1 1800 3750 4250 -400 -300 1 3 true,S1S(=O)(=O)T[C@][N+](CCO[C@H]CCTCOI)N=C1,1786,834,388453,3891,-305
40 domWdegRandom true false 2 1 1800 1750 2250 -200 -100 3 2 true,X\C(c1onnc1N(c2[nH]ncn2)[TH+]3C=CC3)=C\T,1879,890,655789,2140,-153
40 maxMarginalStrengthLDS true false 2 1 1800 1750 2250 -200 -100 2 2 true,C=CC(C1OC(C#CC=C=C=CTC2TTTTC2)=CC1)=C___,46,2,97631,2200,-137
40 domWdegRandom true false 2 1 1800 2750 3250 -200 -100 2 4 true,c1cn(I)nc1SC#CTN(R)O[C@](TC2([TH+]))=C2R,334,140,111113,3170,-174
40 domWdegRandom true false 2 1 1800 1750 2250 -400 -300 3 4 true,S1N(N([O-])T)C(TCTC2(C3OO3))=C2[C@@H]O1_,2273,1083,1142885,2021,-321
40 maxMarginalLDS true false 2 1 1800 0 5000 -400 500 2 4 true,CCC1CC(C(CC(CC(CCTC2CTCTC2)TCCCTCCC)))C1,62,5,174802,3180,158
40 maxMarginalStrengthLDS true false 2 1 1800 1750 2250 -400 -300 1 2 true,C#CC(C(C=C=C=C=NCTCTCTCC1TTN=C1))C______,46,3,102381,2240,-341
40 domWdegRandom true false 2 1 1800 0 5000 -400 500 1 3 true,BrOc1scnc1OON=[C@H]ON([C@H])C(Cl)(Cl)SC=C=O,580,252,178549,4371,182
40 maxMarginalStrength true false 2 1 1800 1750 2250 100 200 2 2 true,C=CC(C1TC(C#CC#CTTCT[C@]2CCCC2)TC1)=C___,87,25,105506,2220,129
40 domWdegRandom true false 2 1 1800 3750 4250 100 200 1 2 true,S=N[C@@]TN(Br)[N+]=NOCC(CCCl)=[C@]c1nnoc1F,50,10,34189,3865,104
40 domWdegRandom true false 2 1 1800 2750 3250 100 200 2 2 true,O=[N+]CN=NSC1C(CCC2(Cl))[N+]2C=N[C@]STO1_,272,110,156719,3097,103
40 maxMarginal true false 2 1 1800 0 5000 -400 500 2 2 true,C(CCCTCSC)CCSCTCSCTCSCTCC1CTCC(C2CCC2)C1,48,4,148416,4464,422
40 maxMarginalStrength true false 2 1 1800 2750 3250 -400 -300 1 2 true,CTCC(C(=C=CTTC=CC#CCOC=NCTCOC=CC)TCC1)C1,130,48,81903,3110,-317
40 maxMarginalStrength true false 2 1 1800 2750 3250 -200 -100 2 2 true,C1CC(CT)C(CC#CC#CC#CC=CCCOCTC2TTOCC2)TC1,41,0,98652,3080,-158
40 domWdegRandom true false 2 1 1800 1750 2250 -200 -100 1 4 true,RN(SC([C@](=C)N1([C@@H]))=C1T[C@]=S)OSTR,193,83,66196,2183,-155
40 domWdegRandom true false 2 1 1800 2750 3250 100 200 3 3 true,ROc1conc1Sc2cn(R)nc2C(=C3(CC3))C#CO[N+]C,1782,837,829463,3021,170
40 domWdegRandom true false 2 1 1800 2750 3250 -400 -300 2 3 true,RN(N1OC=C(N(I)[TH+]SC2[C@]CCC2)T[TH+]1)T,63,17,40000,3130,-302
40 maxMarginalStrengthLDS true false 2 1 1800 3750 4250 100 200 2 3 true,C1CC(CC(C(CCTCCTCCOCCOCC#CT)C2CCCC2))SC1,211,17,188153,3781,200
40 domWdegRandom true false 2 1 1800 2750 3250 100 200 2 2 true,c1[nH]c2c(STC=[TH+]S[C@H]2)c1T[N+](Br)OCT,25,2,31801,2781,102
40 maxMarginal true false 2 1 1800 3750 4250 -400 -300 3 3 true,C1CC(CC(CTCOCCSOC2COOC(C3TCTCCC3)C2))SC1,45,4,130727,3882,-310
40 domWdegRandom true false 2 1 1800 0 5000 -400 500 2 4 true,S([O-])[C@]#[N+]SCN(TF)C(SN1(N2CN2))=C1F,1062,480,287152,2843,-140
40 domWdegRandom true false 2 1 1800 2750 3250 100 200 3 3 true,T[N+]N=NTTSc1[nH]ncc1C(Br)(CC2(C3CC3))C2X,253,105,134066,3140,126
40 domWdegRandom true false 2 1 1800 2750 3250 -400 -300 2 3 true,c1cc2(ON([N+]Br)[TH+]T[C@@H]SC2(=S))nc1TX,64,19,56238,2791,-302
40 domWdegRandom true false 2 1 1800 3750 4250 -400 -300 1 3 true,IC#[C@@]N(OC)[TH+](X)TOc1c(C=NC#CBr)nsc1X,322,136,97357,4249,-317
40 maxMarginal true false 2 1 1800 1750 2250 -400 -300 2 4 true,C1CC(C(C2CC(CC(COC=[TH+])TTOC)TC2))TC1__,167,65,141347,2230,-378
40 maxMarginalLDS true false 2 1 1800 1750 2250 -400 -300 2 4 true,C1CC(C(C(CC/C=C\C)[O-])(TTC2TTTC2))CC1__,227,17,395918,2060,-353
40 maxMarginalLDS true false 2 1 1800 1750 2250 -200 -100 1 4 true,C(C(C(C(C=C=COC)C\C=C\C)TTC1TTTC1))C____,41,0,118802,2180,-160
40 domWdegRandom true false 2 1 1800 2750 3250 -400 -300 1 4 true,BrT\C(O\C=N\C1(TSS[TH+](C(C))[TH+]1))=N\S,2792,1321,522184,2872,-323
40 maxMarginal true false 2 1 1800 1750 2250 -200 -100 1 4 true,C(C(C(C(C=C=COC)C\C=C\C)TTC1TTTC1))C____,41,0,91155,2180,-160
40 domWdegRandom true false 2 1 1800 2750 3250 -200 -100 1 2 true,CN=Cc1[nH]ccc1OTSTN=[TH+]C(C#C)(C#C)N=NF,54,13,41327,2751,-112
40 domWdegRandom true false 2 1 1800 3750 4250 100 200 1 2 true,XTc1csnc1OC#CC[C@H]([C@H](I))[C@]SN=NOOF,252,101,97506,4151,132
40 domWdegRandom true false 2 1 1800 1750 2250 -200 -100 2 3 true,c1[nH]nnc1[TH+][N+](OT(SC))(C)c2c[nH]cn2,135,56,36945,2241,-167
40 maxMarginal true false 2 1 1800 0 5000 -400 500 2 4 true,C(C(CTC(CC)CTC)CTCCCTCTCC)C1CC(C2CCC2)C1,126,44,134244,3180,167
40 maxMarginalStrength true false 2 1 1800 2750 3250 -400 -300 1 4 true,FOCC(C(OC(CCOC(CC#CC#CCTCOC)CTT)T)TC1)C1,72,19,88315,3240,-318
40 domWdegRandom true false 2 1 1800 1750 2250 -400 -300 3 2 true,R[C@]CTc1oncc1C2(N(C3TT3)O[C@@H]2)S[TH+],1751,820,963656,1971,-329
40 domWdegRandom true false 2 1 1800 3750 4250 -200 -100 1 3 true,N(c1[nH]cc(R)n1)(Br)N=CC#[C@]OCCSOC/C=N\S,273,114,92448,3751,-112
40 maxMarginalStrengthLDS true false 2 1 1800 3750 4250 -200 -100 3 3 true,C1C(C2OC(C(OCCOCCTCOCC)C3OCOCC3)OC2)TSC1,40,1,142092,3901,-107
40 domWdegRandom true false 2 1 1800 1750 2250 -400 -300 2 3 true,[O-]c1[nH]cc(X)c1N(S(T))[C@H]=N[TH+]2CC2,3333,1602,874117,1811,-300
40 domWdegRandom true false 2 1 1800 2750 3250 -200 -100 1 4 true,Clc1[nH]nc(Br)c1OTC(F)=[TH+]SC[C@](T(C))=C,31,2,35537,3115,-195
40 maxMarginalStrength true false 2 1 1800 2750 3250 -200 -100 2 4 true,C1CC(C2TC(C(OC(TCCOCCTCCOCCCTT)))CC2)CC1,41,0,115035,3240,-100
40 domWdegRandom true false 2 1 1800 3750 4250 -400 -300 2 3 true,Ic1nc(C=NN(R)[TH+]ON2(TCC#C[TH+]CBr))c2o1,4332,2085,960523,3968,-350
40 domWdegRandom true false 2 1 1800 3750 4250 -200 -100 2 4 true,c1onc(C2CT2)c1N(C(=S)S[TH+](OI))CT/C=C\S,4343,2088,844339,3992,-133
40 maxMarginalLDS true false 2 1 1800 0 5000 -400 500 2 2 true,ClCC1CC(COCC(CCOCCOCCTCTCOCTCC2CTCTC2))C1,64,5,168813,4025,-98
40 domWdegRandom true false 2 1 1800 0 5000 -400 500 3 3 true,FSOc1onnc1TOCC(C(C(F)C2)=[C@]2O3)[C@]3TX,269,105,104102,2761,-91
40 domWdegRandom true false 2 1 1800 2750 3250 -200 -100 3 2 true,C=[TH+]SSSCC1(CS1)c2c(C=[C@]N=NO3)c3cn2X,1818,851,561858,3134,-111
40 maxMarginal true false 2 1 1800 2750 3250 100 200 3 3 true,C1TC(C(C2CTCTC2)C=CCCC(C)CCCCC3TCTC3)CC1,41,0,156145,3000,156
40 maxMarginalStrengthLDS true false 2 1 1800 1750 2250 100 200 2 3 true,C#CC(C1TC(C2CC(C=C=CTTTTC)=CC2)CC1)=C___,41,0,132577,2220,165
40 maxMarginalStrengthLDS true false 2 1 1800 1750 2250 -200 -100 2 4 true,C=CC(C1TC(C2TC(C(C#CTC)OTF)OT2)=C1)=C___,40,0,101934,2180,-110
40 domWdegRandom true false 2 1 1800 0 5000 -400 500 2 2 true,[TH3+]SSc1n[nH]c(c2ccoc2SX)c1[TH+]C(TI)I_,82,28,47988,4951,-96
40 domWdegRandom true false 2 1 1800 2750 3250 -200 -100 2 3 true,[TH+]=[C@@H]STSSS(=O)(=O)[C@]1(SS1)C2CC2,842,387,270879,2856,-181
40 maxMarginalStrength true false 2 1 1800 1750 2250 100 200 2 4 true,C=CC(C1TC(C2TC(C(CCCTC=CT))CT2)=C1)=C___,43,3,97827,2120,114
40 maxMarginalStrengthLDS true false 2 1 1800 1750 2250 -400 -300 1 4 true,TOCC(C(C(C#COC#CC1TCTC1)=C(T)TC))C______,38,1,90338,2160,-306
40 maxMarginalLDS true false 2 1 1800 1750 2250 -400 -300 2 2 true,C1CC(C(C#CC#CC#C)=[C@]CC=CTC2TTTC2)TC1__,51,5,97040,2180,-345
40 maxMarginal true false 2 1 1800 1750 2250 -400 -300 2 2 true,C1CC(C(C#CC#CC#C)C=[N+]C=CTC2TTTC2)TC1__,73,18,106695,2200,-326
40 domWdegRandom true false 2 1 1800 3750 4250 -200 -100 2 4 true,FN=NO[C@](Br)(C(TN1(I))N1N2)N2[N+][C@@]#N,25,0,31188,3918,-100
40 domWdegRandom true false 2 1 1800 0 5000 -400 500 3 3 true,BrS(=O)(=O)Oc1sc2c(SCSN=[N+]T2)c1c3ccccc3,268,112,197793,4183,277
40 domWdegRandom true false 2 1 1800 1750 2250 -400 -300 1 3 true,N#C[C@@H]\N=C(c1[nH]cnc1[TH+](=CS(T)))/T,33,6,30878,1761,-302
40 domWdegRandom true false 2 1 1800 3750 4250 100 200 3 2 true,c1onnc1c2nonc2c3snc(R)c3CC#CC(Br)C=[C@@]T,88,29,50356,3760,196
40 domWdegRandom true false 2 1 1800 0 5000 -400 500 2 2 true,F\C=[N+](Cc1oncc1N([O-])[C@H]CTOC2TT2)\C,30,1,30253,2280,-258
40 domWdegRandom true false 2 1 1800 2750 3250 -200 -100 2 3 true,O=Cc1nn(CR)cc1C(C2TC2(Cl))=NSCS\[TH+]=C\S,639,282,216711,3178,-105
40 maxMarginal true false 2 1 1800 1750 2250 -200 -100 1 2 true,T(C(COC)C=C=C=C=C=C=C=C=COC)TC1TTTC1____,39,0,104588,2240,-106
40 maxMarginalLDS true false 2 1 1800 2750 3250 100 200 2 3 true,C1CC(CC(CC(CC=CTC=CCCSCTC=C))C2TCTC2)TC1,41,0,88830,3161,116
40 maxMarginalLDS true false 2 1 1800 1750 2250 -200 -100 1 2 true,T(C(COC)C=C=C=C=C=C=C=C=COC)TC1TTTC1____,39,0,129835,2240,-106
40 domWdegRandom true false 2 1 1800 3750 4250 -200 -100 1 3 true,C(I)CO/C(SC(N1TT1)S[C@@][N+]=NCl)=[TH+]\S,43,7,39427,3837,-173
40 domWdegRandom true false 2 1 1800 1750 2250 -400 -300 2 3 true,XS[N+](C)([C@](=CSST1)[C@H]1OOC2)[C@]2TX,34,5,36346,2223,-300
40 domWdegRandom true false 2 1 1800 2750 3250 -400 -300 1 2 true,FSCOTN=[TH+]O[C@](=C(Br))[C@]CC#CC1TTCTO1,1744,816,473078,3090,-367
40 maxMarginalStrength true false 2 1 1800 3750 4250 100 200 2 2 true,C1CC(C(SCTCTCC=CCCCCCCCOCCOCC2TCTC2))SC1,41,0,91075,4122,118
40 domWdegRandom true false 2 1 1800 2750 3250 -200 -100 1 4 true,N1ON=[TH+][TH+]N=C(S[TH+](Br)OC(Br)(C))N1_,1956,925,392664,3209,-178
40 maxMarginal true false 2 1 1800 3750 4250 100 200 2 2 true,C1CC(CCSCCOCCOCC(CTCCCOCTCCC2COCTC2))TC1,41,0,98931,4141,166
40 domWdegRandom true false 2 1 1800 1750 2250 100 200 2 2 true,T=[N+]N1ON=NN([C@@]C2(OCT))[C@@]2[C@]SC1,577,253,251288,2161,112
40 domWdegRandom true false 2 1 1800 3750 4250 -200 -100 2 4 true,S=NN1CS[N+]2(N=NON2)C=[C@](C(C)(I)Cl)CT1_,1302,605,345419,4056,-102
40 domWdegRandom true false 2 1 1800 3750 4250 -400 -300 2 2 true,CT[C@@]c1c(ON(CTCCOI)N2)c2oc1O\C=[TH+]/S,277,110,110167,3830,-322
40 domWdegRandom true false 2 1 1800 3750 4250 100 200 3 2 true,S=Nc1onnc1C=[TH+][C@](CBr)c2cc(TSOC3)c3s2,1048,479,471927,3752,124
40 domWdegRandom true false 2 1 1800 3750 4250 -400 -300 3 3 true,N1=COC(C(OTCTCOI)C(TC=C2)N2[C@H]S3)N3C1_,2268,1074,661222,3810,-304
40 domWdegRandom true false 2 1 1800 3750 4250 100 200 2 3 true,Tc1c(Br)n(Br)nc1N=C=N[N+](=CC[C@@H]SS2)C2F,276,113,125110,4130,153
40 domWdegRandom true false 2 1 1800 1750 2250 -200 -100 1 2 true,O=[C@][C@]c1nc(Cl)c([TH+]CN=[TH+]CTOTX)s1,32,3,30896,2186,-144
40 maxMarginalStrengthLDS true false 2 1 1800 2750 3250 -400 -300 3 2 true,COC1CC(C2TC(COCC#CC#CC#CC3TTTOC3)OC2)TC1,37,1,91409,2980,-301
40 domWdegRandom true false 2 1 1800 2750 3250 100 200 1 3 true,RSN=C=NOTC=CCC(=C(C))C[C@@H](SN1)C1N=NF_,269,106,110044,3012,179
40 domWdegRandom true false 2 1 1800 1750 2250 -400 -300 2 3 true,Clc1[nH]c2c(TC[TH+](T)N2)c1C[N+]=C(CR)OOR,2298,1098,466188,2145,-339
40 maxMarginalLDS true false 2 1 1800 1750 2250 100 200 3 4 true,C1CC(C(C2CCTCC2)(C3C(C[C@]OT)TTC3))TC1__,40,0,118626,2200,133
40 domWdegRandom true false 2 1 1800 2750 3250 -400 -300 1 2 true,N1[C@]=C[N+](CTOO(CT[TH+]I))=[N+]C=NT1__,327,139,88829,2829,-340
40 domWdegRandom true false 2 1 1800 3750 4250 100 200 1 4 true,FN(F)CTSN(Br)C(Cl)=N[C@@][C@@H](OCOCO1)C1Cl,30,1,39216,4030,115
40 maxMarginalStrengthLDS true false 2 1 1800 2750 3250 100 200 3 4 true,FCC1CC(C2TC(CCTC(=CCTC))C3(TCCC3)TC2)SC1,114,11,101363,2941,113
40 maxMarginal true false 2 1 1800 1750 2250 100 200 2 4 true,C1CC(C(C2CC(CC(C[C@])=C=CTTTC)TC2))TC1__,37,0,106468,2160,127
40 domWdegRandom true false 2 1 1800 0 5000 -400 500 3 3 true,ClO\C(OOc1[nH]nnc1c2ocnc2C(C3(CC3)Br))=N\O,24,0,35928,3914,16
40 domWdegRandom true false 2 1 1800 2750 3250 100 200 1 3 true,[N+]N(X)[N+]TSOC=C=CC(CC(Cl)C1)N1[C@@]OSF,269,111,114439,3167,107
40 domWdegRandom true false 2 1 1800 2750 3250 100 200 1 2 true,O=C[TH+]\C(OC)=C(OSCc1cc[nH]c1T/C=N/S)/O,33,3,47515,2862,101
40 domWdegRandom true false 2 1 1800 3750 4250 -200 -100 1 3 true,RCCOT[N+]c1onnc1N(I)C#C[C@@](=C(F)CF)OCR,39,6,31781,3989,-129
40 domWdegRandom true false 2 1 1800 2750 3250 -400 -300 1 2 true,T=CN=[C@H][C@]c1snc(CT)c1TOC(CN=S)[TH+]Br,613,268,145874,3191,-325
40 maxMarginalStrengthLDS true false 2 1 1800 0 5000 -400 500 2 2 true,C1CC(CCSCCCC(TCOCCOCCOCCCCCOC2TCTC2))TC1,62,5,252134,4141,148
40 maxMarginalStrength true false 2 1 1800 2750 3250 100 200 3 3 true,COC1CC(C2TC(CC(CC)CC=CTCC3TTCOC3)CC2)TC1,47,4,105826,3040,177
40 domWdegRandom true false 2 1 1800 3750 4250 100 200 1 4 true,FSSN(R)TTCc1snnc1C#[C@@][C@@](C(Br)(Br))=O,282,114,90892,4191,111
40 domWdegRandom true false 2 1 1800 2750 3250 100 200 2 4 true,C1([C@@H]S[N+]=C(SN2CC2)S1)(Cl)C(CTOR)=NT,209,92,93904,2828,111
40 domWdegRandom true false 2 1 1800 0 5000 -400 500 3 3 true,ITc1onnc1C2(C3(SO3)TS2)CC#[C@][C@](I)=NX,1757,817,455181,4890,55
40 domWdegRandom true false 2 1 1800 3750 4250 100 200 3 2 true,c1sc2c(T[TH+]C(=NX)OT2)c1c3[nH]ccc3CCSSI,85,31,57443,4062,123
40 domWdegRandom true false 2 1 1800 3750 4250 100 200 2 3 true,ClOc1[nH]nnc1c2csc(SN(F)(Br))c2CC#CO[C@@H],206,92,44932,4106,174
40 maxMarginal true false 2 1 1800 2750 3250 -200 -100 3 4 true,C1TC(C(C2CTCTC2)C)CC(C(C)COOOC3TCTC3)CC1,178,70,121733,2940,-121
40 domWdegRandom true false 2 1 1800 1750 2250 -200 -100 1 2 true,S(=O)(=O)=NC=CON=[C@@]TOO[N+]1[C@]=[C@]1,245,104,102624,2141,-122
40 maxMarginalLDS true false 2 1 1800 2750 3250 -200 -100 3 4 true,C1TC(C(C2CTCTC2)C(CCOC)COC)(CC3TCTC3)OC1,68,6,124236,2940,-131
40 maxMarginalLDS true false 2 1 1800 3750 4250 100 200 3 2 true,CTCC1C(CCCCCCC2(CTCOCCC3OCCOC3)CCOC2)CC1,130,12,519163,3940,186
40 domWdegRandom true false 2 1 1800 1750 2250 -400 -300 1 4 true,S1N(R)[N+](S[C@@](T)(Cl))=NT[C@@H][TH+]C1,48,10,26069,1837,-314
40 domWdegRandom true false 2 1 1800 0 5000 -400 500 3 2 true,S=[TH+]SN=NN1CN=CC2(SCTS2)C3(CC3)[C@@H]1,39,7,66852,2894,-23
40 domWdegRandom true false 2 1 1800 2750 3250 -200 -100 3 3 true,Xc1[nH]cc(C)c1C(TC2(C3TT3))C2T[C@]=NN=NI,1649,782,332765,3109,-189
40 maxMarginalLDS true false 2 1 1800 2750 3250 100 200 1 4 true,C(CC(C1CC(CC(COCCOCTCCC#CTC=CT))TTC1))C_,41,0,125436,3040,178
40 domWdegRandom true false 2 1 1800 0 5000 -400 500 2 3 true,N1OTOTT[C@@](C2CC=C2)(C(Cl)O[N+]T[C@]I)O1,39,2,37244,3474,-68
40 domWdegRandom true false 2 1 1800 2750 3250 -200 -100 2 2 true,Cl[TH+]Tc1ocnc1N(S[C@]=C2)C2OC(=N[N+]#N)Cl,29,3,32002,2921,-104
40 domWdegRandom true false 2 1 1800 1750 2250 -200 -100 1 3 true,X/[N+](T[TH+][C@H]1[TH+]C1(SCSC)(Cl))=C\O,1873,885,547714,1987,-185
40 domWdegRandom true false 2 1 1800 3750 4250 100 200 2 2 true,[O-]c1c(Cl)onc1CSc2nnc(Br)n2[C@@]\[N+]=C/S,30,1,33571,3826,106
40 domWdegRandom true false 2 1 1800 3750 4250 100 200 2 2 true,S=C=C=[C@@H]c1oc(N(I)ON2CS2)nc1[C@@H]=NR,281,115,134012,3781,143
40 domWdegRandom true false 2 1 1800 1750 2250 -400 -300 1 4 true,[C@]N(F)S[N+][C@]STN(TC1(X)(C=T))C1[TH3+],1828,855,568084,1952,-361
40 domWdegRandom true false 2 1 1800 3750 4250 -200 -100 1 2 true,CTC[C@@H]SCSSCC(I)([C@]=[TH+]S1)N1ON=CT_,1055,477,223523,4073,-115
40 maxMarginalLDS true false 2 1 1800 3750 4250 -200 -100 3 2 true,TOCC1C(CTCCOCC2(CTCOCOC3OCCCC3)CCOC2)OC1,129,12,521264,3860,-103
40 maxMarginalStrengthLDS true false 2 1 1800 3750 4250 100 200 1 2 true,C1CC(C(OCOCCCCTCOCC=CCCCCTCCCTCCCTF))TC1,41,0,72750,3980,195
40 domWdegRandom true false 2 1 1800 0 5000 -400 500 1 4 true,CTN=[C@H]TN(N(Cl)C(C)([C@]C)[TH+]1)[C@]1F,45,7,29368,1925,-70
40 maxMarginalStrength true false 2 1 1800 2750 3250 -200 -100 1 3 true,CTCC(C(=C(COCC=CC=CC#CCTCTCOCTC)C)TC1)C1,40,0,71738,3140,-121
40 domWdegRandom true false 2 1 1800 3750 4250 -200 -100 1 2 true,Br\N=C(OON1N=NSOO[C@H]=[C@]1(C=CI))/[TH+],255,104,115061,4219,-152
40 domWdegRandom true false 2 1 1800 2750 3250 100 200 1 2 true,ClON(F)c1onnc1[C@H]\[N+](TCN=[C@]CCC)=C/C,576,255,356557,2905,112
40 maxMarginal true false 2 1 1800 0 5000 -400 500 1 3 true,C(CCC)CC(CCCCCSCTCC(CCCCTCTCTCC1CCTC1))C,50,5,103290,3941,321
40 domWdegRandom true false 2 1 1800 1750 2250 -400 -300 2 2 true,[N+]1([C@H](C2TC2)CSTTC1)=[C@]N=[TH+]OCC,574,252,237635,1841,-381
40 maxMarginalStrength true false 2 1 1800 2750 3250 -400 -300 2 3 true,C1CC(C2TC(C(#CCTCOTCC#CCTCOCOCF))TC2)OC1,42,3,78251,3220,-301
40 domWdegRandom true false 2 1 1800 0 5000 -400 500 1 4 true,S(S(I))OOTC(=C[C@@H](X)[TH+][C@H]=N1)C1C,258,102,82828,3161,-220
40 maxMarginalStrength true false 2 1 1800 1750 2250 100 200 1 3 true,T=CC(C(C(C=C=CTOC1TC=C1)=CCTCTF))C______,38,0,91920,2180,110
40 maxMarginalStrengthLDS true false 2 1 1800 1750 2250 -400 -300 2 3 true,C(CC(C#CC(C1TCTC1)OC=C=C)=NC2TTTC2)=C___,206,17,287119,2250,-301
40 domWdegRandom true false 2 1 1800 0 5000 -400 500 3 2 true,Br/[C@H]=C(N(c1nscn1)c2n[nH]cc2c3sccc3)\S,31,3,67688,3832,282
40 domWdegRandom true false 2 1 1800 2750 3250 -200 -100 3 3 true,IT[C@](C1TC1)c2sc(N(Cl)T3)c3c2C[TH+][C@@],2798,1329,551749,3245,-120
40 domWdegRandom true false 2 1 1800 0 5000 -400 500 2 3 true,Ic1[nH]c(N(=T))nc1C(Cl)=Nc2nnoc2[C@]#CSTBr,635,280,228506,4684,122
40 domWdegRandom true false 2 1 1800 2750 3250 -200 -100 2 2 true,S1OTTSO[C@H](C(=[C@]F)c2cocc2C[TH+]CX)S1,1081,492,246684,2793,-103
40 maxMarginalStrengthLDS true false 2 1 1800 1750 2250 -200 -100 1 3 true,T=CC(C(C(C=C=CTOC1TC=C1)=NCTCTC))C______,38,0,89405,2150,-155
40 maxMarginalStrengthLDS true false 2 1 1800 1750 2250 100 200 1 4 true,T=CC(C(C(C=C=CR)C1TCTC1)SC=C(TF))C______,59,5,216171,2221,110
40 domWdegRandom true false 2 1 1800 2750 3250 100 200 1 2 true,ROSN(CC[C@]Br)[C@@]=CC(=CCTOT1)N1[C@@]=NR,252,102,83940,3060,116
40 domWdegRandom true false 2 1 1800 2750 3250 -400 -300 1 3 true,N1O[TH+]([C@@H])C(T)([TH+]C[N+]I)SC=NS1_,2468,1174,412773,3061,-305
40 domWdegRandom true false 2 1 1800 1750 2250 -200 -100 2 4 true,C1([N+](N(c2onnn2)[TH3+])C1)(C=[C@])CSC#N,640,284,228333,2241,-132
40 domWdegRandom true false 2 1 1800 1750 2250 -200 -100 2 2 true,c1cc[nH]c1C=C=[C@]N(C2TTN2)C/[C@](R)=N\T,1062,485,491657,1850,-117
40 domWdegRandom true false 2 1 1800 3750 4250 100 200 3 3 true,BrC1(OS[N+]SON(O/N=C/O)C1)CC2CCC3(C=C3)N2,596,259,226602,3981,153
40 domWdegRandom true false 2 1 1800 0 5000 -400 500 2 3 true,N#[N+]N=[N+]Tc1nc2(SC2(TI))c(C=[C@]=O)n1,253,101,131001,3310,63
40 domWdegRandom true false 2 1 1800 3750 4250 100 200 2 2 true,FON=[TH+]OOSTSCSOc1c(Br)c2(CCC2)cc1[C@@]F,172,75,49684,4202,102
40 domWdegRandom true false 2 1 1800 1750 2250 -200 -100 1 3 true,T(N1N(F)CN1(T[C@@H]CN=CO[TH+]=CC))\N=C/O,1768,825,571797,2160,-161
40 maxMarginalLDS true false 2 1 1800 2750 3250 -400 -300 3 3 true,C1TC(C(C2CTCTC2)C#CC(COC)COOCC3TCTC3)OC1,41,0,123995,3060,-339
40 maxMarginal true false 2 1 1800 2750 3250 -400 -300 3 3 true,C1TC(C(C2CTCTC2)C#CC(COC)COOCC3TCTC3)OC1,41,0,108634,3060,-339
40 domWdegRandom true false 2 1 1800 2750 3250 100 200 3 4 true,N(Cl)(X)\N=[N+](c1[nH]c(TC2)c2c1CC3SS3)\S,3014,1438,837322,2768,197
40 maxMarginalStrength true false 2 1 1800 3750 4250 -200 -100 2 2 true,C1CC(C(=CTCTCCOCCTCCOCCOCCSCC2TCTC2))SC1,41,0,90553,4002,-160
40 domWdegRandom true false 2 1 1800 3750 4250 -400 -300 2 3 true,RTTSTSc1c2c([N+][C@](=C[C@](=CBr)I)O2)no1,3321,1597,929198,4180,-317
40 domWdegRandom true false 2 1 1800 3750 4250 -200 -100 1 2 true,XC#CC=CC#C[C@](I)([TH+]S1)N1[C@H]S[C@H]Br,588,257,243355,3990,-146
40 domWdegRandom true false 2 1 1800 2750 3250 -200 -100 2 2 true,N#[C@@]T\N=C(SN1TN1(SOCN2C[C@]CC=CC2))/C,631,277,185942,2832,-129
40 domWdegRandom true false 2 1 1800 3750 4250 -400 -300 3 2 true,c1[nH]c2c(S[N+]SOO[TH+]2)c1C=NCC(C3TN3)I,1466,690,297132,3831,-301
40 domWdegRandom true false 2 1 1800 3750 4250 100 200 2 2 true,[TH+]CSTSTCTSc1snc(c2ccccc2[C@]Br)c1C(C)X,263,107,122688,4053,107
40 domWdegRandom true false 2 1 1800 1750 2250 -200 -100 1 3 true,c1n(R)cc(Br)c1OT[C@@H]N=[N+]([TH+]=T)TC#C,1467,692,446856,2249,-166
40 domWdegRandom true false 2 1 1800 2750 3250 -400 -300 2 4 true,CCS(=O)(=O)C[TH+]C1(TT1)c2nc(T)cn2[C@H]I,1745,819,451515,3200,-306
40 maxMarginalStrength true false 2 1 1800 3750 4250 -400 -300 1 2 true,C1CC(C(#COCCTCTCTCC#CCOCCOCOCTCOCTC))CC1,91,27,78145,3780,-305
40 domWdegRandom true false 2 1 1800 3750 4250 -400 -300 1 4 true,[TH+]O[N+]C(F)(Br)[N+]Cc1ocnc1N(I)C(TT)TC,2757,1317,592073,4098,-318
40 domWdegRandom true false 2 1 1800 1750 2250 -400 -300 3 3 true,N1T[TH+]CN(X)N(C[N+]C2(C3TC3))N2[C@]S1__,3183,1526,712676,1871,-309
40 domWdegRandom true false 2 1 1800 2750 3250 100 200 1 2 true,S1COSTS[N+]([C@H]=[TH+]C(SC)SCCC)=[C@@]1,303,127,104627,2995,124
40 domWdegRandom true false 2 1 1800 2750 3250 -400 -300 1 3 true,N#C[N+]TSOCC([C@](=C))(CCTOC1)N1[C@H]TTBr,327,142,108755,3070,-344
40 domWdegRandom true false 2 1 1800 0 5000 -400 500 1 4 true,ISCOS(=O)(=O)[C@@H](CF)[N+](OC=NOT1)=C1F,578,252,156751,3971,-140
40 domWdegRandom true false 2 1 1800 1750 2250 -200 -100 2 4 true,c1c2c(S[C@H]N(T)C2(X)(R))cn1CS/[TH+]=C/O,482,220,263973,2122,-174
40 domWdegRandom true false 2 1 1800 2750 3250 100 200 2 2 true,S(X)OTTCCCC=Cc1cc(C2CC2)cn1OS[N+][C@@H]X,646,288,224080,2982,108
40 domWdegRandom true false 2 1 1800 3750 4250 -400 -300 2 4 true,C#Cc1n[nH]nc1N(I)Tc2nc(OO[C@](=C)(Cl))no2,1773,830,501601,3914,-315
40 maxMarginalStrengthLDS true false 2 1 1800 2750 3250 -200 -100 2 4 true,C1CC(C2TC(C(OC(TCCOCCTCCOCCCTT)))CC2)CC1,41,0,80262,3240,-100
40 domWdegRandom true false 2 1 1800 0 5000 -400 500 2 4 true,ICN=[N+](Cl)C(C(CCF)=N[TH+](OO1)N1T2)N2R_,258,101,314026,3494,-258
40 domWdegRandom true false 2 1 1800 1750 2250 -200 -100 1 4 true,X[C@@]1(TT1)[C@H]OC=[N+]OOCSC(C(F)(X))=S,148,58,39755,2242,-143
40 maxMarginalStrengthLDS true false 2 1 1800 2750 3250 -400 -300 1 4 true,FOCC(C(OC(CC=C(CCOCC#CC#C)TCTC)TT)TC1)C1,154,14,145280,3060,-329
40 domWdegRandom true false 2 1 1800 2750 3250 -400 -300 2 3 true,F[TH+](SC(C(N1TN1)[C@@H])Br)[C@]=Nc2ncno2,602,266,218627,2950,-328
40 maxMarginalStrength true false 2 1 1800 3750 4250 -200 -100 3 3 true,C1C(C2OC(C(OCCOCCTCOCC)C3OCOCC3)OC2)TSC1,40,1,119142,3901,-107
40 domWdegRandom true false 2 1 1800 2750 3250 100 200 3 3 true,S(R)TT\N=[C@](c1sncc1N2N=CCOC2(C3CC3))\C,276,116,138189,2802,155
40 domWdegRandom true false 2 1 1800 3750 4250 -400 -300 1 3 true,ClTCTTTC=[N+]=C(I)[TH+][C@@](CC1(=C))N1OI,854,393,168849,4243,-329
40 maxMarginalStrength true false 2 1 1800 1750 2250 -400 -300 1 4 true,TOCC(C(C(C#COC#CC1TCTC1)=C(T)TC))C______,38,1,95189,2160,-306
40 domWdegRandom true false 2 1 1800 2750 3250 -400 -300 1 4 true,N(ST)(TT(T[C@](=CN=[C@@]TN1)C1SI))[C@@H],258,103,98792,2991,-369
40 domWdegRandom true false 2 1 1800 2750 3250 -200 -100 1 2 true,c1snnc1T[N+]C\[C@H]=C([N+]TTN(T)I)/[C@@],38,7,30711,3110,-121
40 domWdegRandom true false 2 1 1800 1750 2250 -200 -100 2 3 true,T[C@H]c1c2(TN(Br)N=CC2([C@]=[TH+]T))cnn1_,1408,662,754407,2249,-190
40 maxMarginalLDS true false 2 1 1800 1750 2250 100 200 1 2 true,T(C(C=C=C=C=C=C=C=CCCCC=C)C)TC1TTTC1____,39,0,83986,2200,103
40 maxMarginalStrength true false 2 1 1800 1750 2250 -200 -100 2 4 true,C=CC(C1TC(C2TC(C(C#CTC)OTF)OT2)=C1)=C___,40,0,91317,2180,-110
40 domWdegRandom true false 2 1 1800 3750 4250 100 200 1 2 true,O(c1cscc1C#[C@]I)C(N=NC/[N+]=N\S)O/N=C\O,79,25,33158,4241,189
40 domWdegRandom true false 2 1 1800 3750 4250 -400 -300 1 3 true,X[N+]c1onnc1TN(X)[C@@]CC([C@](=C=CI)Br)TX,398,179,93212,3838,-302
40 maxMarginalStrengthLDS true false 2 1 1800 2750 3250 100 200 1 2 true,FTCC(C(=C=CTTC#CC=CCOCOTC=C=C=CC)TOC1)C1,41,0,69435,3000,146
40 domWdegRandom true false 2 1 1800 2750 3250 -400 -300 1 4 true,Fc1[nH]c(CCT(TN(X)C=[TH+]CF))c(CN=NOBr)n1,2792,1329,603304,3079,-302
40 domWdegRandom true false 2 1 1800 0 5000 -400 500 1 3 true,XN(C([N+]C#N)([N+][C@@H]1)[C@@H]1CCTF)ST,30,0,40477,1901,-67
40 domWdegRandom true false 2 1 1800 3750 4250 100 200 1 2 true,S1OTSN(CN(=[C@@]T[C@]=C=CCCCC[C@]I))OOT1,31,2,24548,4001,114
40 maxMarginal true false 2 1 1800 2750 3250 -400 -300 2 2 true,C1CC(CC#CC(CC#C)C#COC=NCTCOTC2CTCTC2)TC1,477,222,197201,3090,-320
40 maxMarginalLDS true false 2 1 1800 2750 3250 -400 -300 2 2 true,C(CC(CC#CC1CCTC1)TC2CTC=C2)CTCOC=NCTCOC_,297,21,365819,3150,-308
40 domWdegRandom true false 2 1 1800 2750 3250 100 200 2 2 true,c1[nH]nnc1C=Nc2onc(OC#C)c2N(Cl)\[C@H]=N/O,1040,479,472696,2925,153
40 domWdegRandom true false 2 1 1800 3750 4250 -400 -300 2 4 true,ClOS(=O)(=O)[N+]TC=NCTCc1nc(CC2(=C))c2n1I,470,217,89092,4105,-313
40 domWdegRandom true false 2 1 1800 3750 4250 100 200 1 3 true,TSS(=O)(=O)[C@H]=[N+](I)Sc1cnccc1S[C@H]T,25,1,28779,4013,119
40 domWdegRandom true false 2 1 1800 3750 4250 100 200 3 4 true,Tc1occc1c2c(X)onc2c3c(N(X)(TTC#CCI))coc3,580,253,180483,3779,200
40 domWdegRandom true false 2 1 1800 1750 2250 -200 -100 1 4 true,C(N1SCCOTN1([N+]#CN(F)C#C[TH+]C(=T)T))#C,4378,2107,942438,2241,-114
40 maxMarginalLDS true false 2 1 1800 3750 4250 100 200 1 4 true,C(CC(C)CCOCCOCCOCCTCC(CC(CSC)C1CTCTN1))Cl,197,17,206602,4216,195
40 maxMarginalLDS true false 2 1 1800 2750 3250 -200 -100 1 2 true,C(CC(C#C)C#CCOCOC#COC#COC)C=CTTTC1CTCTC1,41,0,64401,3240,-160
40 maxMarginal true false 2 1 1800 2750 3250 -200 -100 1 2 true,C(CC(C#C)C#CCOCOC#COC#COC)C=CTTTC1CTCTC1,41,0,82244,3240,-160
40 domWdegRandom true false 2 1 1800 2750 3250 -400 -300 2 3 true,FTC(T)(T)c1cnc(C[C@@H]=NN2)c2c1O[TH+]TOI,3083,1477,767253,3219,-314
40 domWdegRandom true false 2 1 1800 3750 4250 -200 -100 3 3 true,TTOC(Br)c1c[nH]nc1[TH+]CN(CC2(C3SSS3))C2Cl,461,207,213296,3867,-124
40 domWdegRandom true false 2 1 1800 2750 3250 100 200 3 3 true,Br\C=[C@@](c1ncc2c(COTTC3(TS3)S2)c1)\S___,997,462,474667,3182,113
40 domWdegRandom true false 2 1 1800 3750 4250 -400 -300 1 3 true,ITN(Cl)[TH+][TH+]CTOTCN(C1(N=C1)C)O[C@@]Br,52,11,39412,3983,-356
40 domWdegRandom true false 2 1 1800 1750 2250 100 200 1 3 true,XTCTTc1c[nH]c(O\[N+](C=CC)=C(ST)/[C@])n1,1023,476,950696,2091,104
40 maxMarginalStrength true false 2 1 1800 2750 3250 -400 -300 3 2 true,COC1CC(C2TC(COCC#CC#CC#CC3TTTOC3)OC2)TC1,37,1,90774,2980,-301
40 domWdegRandom true false 2 1 1800 1750 2250 -400 -300 3 4 true,c1onc(C)c1N(TC2(C3TT3)(C=T))C2N=CSC[TH3+],1804,852,690283,2201,-345
40 domWdegRandom true false 2 1 1800 2750 3250 -200 -100 1 2 true,[TH3+]SS(=O)(=O)SO[N+]C#[N+]S[C@H]C1C=CC1,24,1,24601,2814,-121
40 domWdegRandom true false 2 1 1800 0 5000 -400 500 1 3 true,R\[C@H]=C(C\N=N\N(c1n(C)cnc1N=[C@@H]))/C,25,0,35488,2030,60
40 domWdegRandom true false 2 1 1800 2750 3250 100 200 2 2 true,F/[TH+]=[C@@](Tc1cc(Br)cn1[C@H]c2cccs2)/O,1044,477,409806,2860,154
40 domWdegRandom true false 2 1 1800 3750 4250 -200 -100 2 2 true,Cc1[nH]c(I)nc1TC#Cc2cnc(OTOTC[TH+]=CCl)o2,273,113,96797,3894,-104
40 domWdegRandom true false 2 1 1800 2750 3250 -200 -100 3 4 true,BrOC(N=S)C(=NC1(C2(X)TT2))[C@@]1c3cccn3SR,6851,3330,991917,3151,-173
40 domWdegRandom true false 2 1 1800 0 5000 -400 500 2 4 true,IC1(N=[TH+]1)[C@@]C#[C@@]C2(ON2(O(T)))SCl,29,0,35336,3155,-184
40 domWdegRandom true false 2 1 1800 3750 4250 -200 -100 2 3 true,S=CSSCSc1[nH]c2c(N(I)T2)c1O\C(F)=[TH+]/O,6624,3218,1031181,4203,-103
40 domWdegRandom true false 2 1 1800 1750 2250 -200 -100 1 4 true,RC1(N([C@H])N1)/C(C(T)TO\C=[C@@H]\S)=C/O,3080,1473,653120,1861,-110
40 domWdegRandom true false 2 1 1800 1750 2250 -400 -300 1 2 true,XN=N[N+]S[TH+](OC1)C1C(TC#C)=N[C@][C@H]X,460,206,119317,1981,-302
40 domWdegRandom true false 2 1 1800 3750 4250 -200 -100 2 2 true,XO[TH+]c1[nH]nnc1STN=[TH+]C2(C=CC2(CBr))I,1413,659,288343,3999,-157
40 domWdegRandom true false 2 1 1800 2750 3250 -400 -300 3 2 true,ClOc1scnc1OC[N+][N+]TC2([TH+]C2(N3TC3))CCl,3576,1721,938939,2981,-340
40 maxMarginalStrength true false 2 1 1800 0 5000 -400 500 2 3 true,C1CC(CC(CCTC)CCCC(CCCCSCTCCCC2TCTC2))TC1,50,5,110929,3641,277
40 domWdegRandom true false 2 1 1800 0 5000 -400 500 2 4 true,O(I)N=Cc1nc2(SS[C@@]N2)cc1N=C(C(Cl))[C@]Cl,616,267,180388,4481,105
40 maxMarginalLDS true false 2 1 1800 1750 2250 -200 -100 3 4 true,C1CC(C(C2CCTCC2)(C3C(C[C@]F)TTTC3))TC1__,40,0,123133,2220,-116
40 maxMarginal true false 2 1 1800 1750 2250 -200 -100 3 4 true,C1CC(C(C2CCTCC2)(C3C(C[C@]F)TTTC3))TC1__,40,0,198663,2220,-116
40 domWdegRandom true false 2 1 1800 1750 2250 -400 -300 1 2 true,S=Cc1cocc1[C@]OCCOCC#C[TH+]([TH+](R)X)X_,1119,512,393964,2241,-391
40 domWdegRandom true false 2 1 1800 2750 3250 100 200 2 4 true,c1c2([TH+]CTN=NS2)cnc1SN=NC(F)(C(C))CC#N,489,219,123202,2962,153
40 domWdegRandom true false 2 1 1800 3750 4250 -200 -100 3 3 true,O=COTC#CS[C@H]=CCc1n(C2TN2)c(ON3(I))c3c1,6849,3328,1212123,3860,-147
40 domWdegRandom true false 2 1 1800 1750 2250 -200 -100 1 3 true,C=CT[TH+]([C@]CC=O)C(TR)C1C=N[N+](=NX)O1,61,14,45969,1810,-180
40 domWdegRandom true false 2 1 1800 1750 2250 100 200 1 3 true,c1[nH]nnc1C/[C@@]=C([C@][C@]N(R)C(C)C)\C,271,112,73539,2050,103
40 maxMarginalLDS true false 2 1 1800 3750 4250 -400 -300 1 3 true,C1C(C(CTCCOCCOCCOCC(CTCOCTCOCCCTT)))CCC1,562,29,975621,3860,-303
40 maxMarginal true false 2 1 1800 3750 4250 -200 -100 2 3 true,C1CC(CC2CCSCC2(C(COCTCTCTCOCTCTC)OF))SC1,39,0,139412,3922,-126
40 maxMarginalLDS true false 2 1 1800 3750 4250 -200 -100 2 3 true,C1CC(CC2CCSCC2(C(COCTCTCTCOCTCTC)OF))SC1,39,0,139542,3922,-126
40 domWdegRandom true false 2 1 1800 2750 3250 -200 -100 1 2 true,N1SN(TOCSON=[C@@](=CCl))[C@H]C=N[C@H]O1__,35,4,39039,2827,-130
40 domWdegRandom true false 2 1 1800 0 5000 -400 500 1 3 true,Fc1oncc1TCC[TH+]=[N+]STN(Br)CC(F)C(Br)=NSF,38,5,30685,4560,116
40 domWdegRandom true false 2 1 1800 3750 4250 100 200 1 2 true,Br[TH+]Sc1cocc1[C@]SOOCOC[C@@](OF)C(C)N=S,49,9,37377,4212,108
40 maxMarginalStrengthLDS true false 2 1 1800 0 5000 -400 500 3 3 true,C1CCCC(C2TC(C(CCCCCCCCCCCC3TCTC3))TC2)S1,200,17,776024,3481,368
40 maxMarginalStrength true false 2 1 1800 2750 3250 100 200 2 2 true,C1CC(CT)C(CC#CC#CC#CC=CCCCCTC2TTCOC2)TC1,41,0,104009,3060,177
40 domWdegRandom true false 2 1 1800 3750 4250 -400 -300 1 2 true,CTc1[nH]nnc1SSON=C(X)[C@H]=C[C@](=C=CI)X,253,105,65741,3771,-318
40 domWdegRandom true false 2 1 1800 3750 4250 100 200 1 4 true,[N+]Sc1cc(SN(SC(F)(I))C\[C@@H]=N/S)cn1TT,1187,548,299515,4223,168
40 domWdegRandom true false 2 1 1800 2750 3250 100 200 1 4 true,C(Br)=C(Cl)[C@]O[C@H](N(R)COS[C@@]1)[N+]1R,55,13,30459,2885,104
40 domWdegRandom true false 2 1 1800 1750 2250 -400 -300 2 4 true,S1N(T[C@](=C))C(CC(T[TH+]OT2)=C2C)N=NN1_,403,174,190644,1971,-356
40 domWdegRandom true false 2 1 1800 1750 2250 -200 -100 2 2 true,FC(R)(SOC1TC1)O[C@@]2=[C@@H]T[C@H]=NOOO2,2781,1323,607156,2211,-122
40 domWdegRandom true false 2 1 1800 3750 4250 100 200 1 3 true,X\C=C(N1N(Br)TTTN=[C@H]C1(OOCCCCCCCCBr))\T,36,3,33866,3968,156
40 domWdegRandom true false 2 1 1800 3750 4250 -200 -100 2 3 true,c1c[nH]c(N(I)CS\C(CX)=[TH+]\S)c1c2ncoc2R,574,252,233167,3771,-142
40 domWdegRandom true false 2 1 1800 2750 3250 100 200 2 3 true,Xc1nnoc1Sc2cnc(OS/N=[C@]([C@H](F)Cl)/C)o2,1750,815,476152,3227,131
40 maxMarginalLDS true false 2 1 1800 3750 4250 100 200 2 3 true,C1CC(CC2CCOCC2(C(COCOC)CTCCCTCCCOCX))OC1,41,0,139365,3840,152
40 domWdegRandom true false 2 1 1800 3750 4250 100 200 2 4 true,C1SN=CN(N=Cc2scc([O-])c2ST(C(=C)Br))C=NO1,57,14,56507,3912,197
40 domWdegRandom true false 2 1 1800 1750 2250 -400 -300 2 2 true,O(c1[nH]ccc1F)T\[C@@]([TH+]=NN2OTC2)=C\T,242,102,153877,1810,-312
40 domWdegRandom true false 2 1 1800 2750 3250 -400 -300 2 2 true,BrC1=[C@@]T[C@@H](Cl)C(TTO[TH+]2TOC2)=NSS1,2785,1327,920734,2876,-309
40 domWdegRandom true false 2 1 1800 2750 3250 100 200 3 2 true,N#Cc1oc2c(STN2(F))c1TSN=COc3ccccc3[TH+]_,39,8,64065,3062,145
40 domWdegRandom true false 2 1 1800 2750 3250 -400 -300 3 3 true,XN1OC[C@@H]C2(CN2(I))[TH+](TTTC3)N3CN1__,1431,667,386278,2809,-305
40 maxMarginalStrengthLDS true false 2 1 1800 2750 3250 -400 -300 2 3 true,C1CC(C2TC(C(#CC#CCTCOCCOTCTCOCF))CC2)TC1,47,3,250683,3200,-344
40 domWdegRandom true false 2 1 1800 2750 3250 100 200 2 3 true,XTN(c1nn(R)nn1)O[C@]#[C@]C(=CC2CCC=C2)SBr,972,452,199714,3250,108
40 domWdegRandom true false 2 1 1800 0 5000 -400 500 3 4 true,S1O[N+]2(SS2)C(F)C(C(Cl)TN3)N3[C@@H]=NO1_,6613,3210,1242464,2898,-145
40 maxMarginalStrength true false 2 1 1800 3750 4250 -400 -300 3 4 true,C1C(C2(C(C(TCOCCSOCTC))C3COOCC3)OC2)SOC1,114,40,144073,3782,-316
40 domWdegRandom true false 2 1 1800 2750 3250 -200 -100 3 4 true,FON1[C@]STCC(SOC2(C3(TC3(Cl))R))[C@@]2CO1,3367,1612,921397,2857,-113
40 domWdegRandom true false 2 1 1800 1750 2250 -400 -300 1 3 true,O1[N+](T([C@@H]C(T)SF))=[TH+]COTS[C@]1__,1040,476,465002,1832,-358
40 maxMarginalStrengthLDS true false 2 1 1800 2750 3250 -200 -100 1 3 true,CTCC(C(=C(COCC=CC=CC#CCTCTCOCTC)C)TC1)C1,40,0,89354,3140,-121
40 domWdegRandom true false 2 1 1800 2750 3250 -400 -300 2 2 true,O=CTCSc1c2c(N=CC2)[nH]c1TCSO[C@](=C=T)TC,1885,892,595480,2772,-322
40 maxMarginal true false 2 1 1800 3750 4250 100 200 3 3 true,C1CC(CC(CTCTCC2OCOC(OCOC3SC=CCC3)C2))SC1,48,4,150482,3862,157
40 domWdegRandom true false 2 1 1800 2750 3250 100 200 3 2 true,N1[C@@]TT[C@H]S[C@@](C2CSS2)(SCS3)C3O1__,1620,764,344955,2835,103
40 domWdegRandom true false 2 1 1800 3750 4250 -400 -300 1 2 true,O1OC(=C=NTCN(Br)C=[TH+][TH+]I)CS[N+]N=C1_,140,56,65401,4059,-303
40 domWdegRandom true false 2 1 1800 3750 4250 -400 -300 1 2 true,F\C(c1occ(F)c1[TH+]TTC=NCTCOSCI)=C/[C@@],81,29,44649,3860,-304
40 domWdegRandom true false 2 1 1800 2750 3250 100 200 1 4 true,FOSTN(I)\C(c1[nH]c(TC(R)X)cc1R)=[C@@H]\C,3811,1835,861080,3250,123
40 maxMarginalStrength true false 2 1 1800 1750 2250 -200 -100 1 3 true,T=CC(C(C(C=C=CTOC1TC=C1)=NCTCTC))C______,38,0,92117,2150,-155
40 domWdegRandom true false 2 1 1800 3750 4250 -200 -100 1 4 true,RS(=O)(=O)OCc1csnc1[N+]O[C@](I)([C@]CC)X,4337,2084,594579,3871,-113
40 maxMarginalStrength true false 2 1 1800 1750 2250 -400 -300 2 3 true,FOCC(C1TC(C2=C(C#C)CTTT[TH+]C2)OC1)OC___,320,145,165192,2250,-302
40 domWdegRandom true false 2 1 1800 1750 2250 -200 -100 2 2 true,R/[TH+]=[N+]([TH+]Sc1[nH]ccc1S(N2SC2))/C,406,182,115276,2173,-186
40 domWdegRandom true false 2 1 1800 3750 4250 100 200 1 3 true,Rc1oc(F)c(TTO[C@][C@]\N=N\N(TCC=CCSI))c1,45,8,37813,3830,122
40 maxMarginalLDS true false 2 1 1800 2750 3250 100 200 3 2 true,C1TC(C(C2C=CCC2)=C=CCCCCOCOCC3CTTTC3)TC1,56,4,167622,3000,124
40 domWdegRandom true false 2 1 1800 3750 4250 -200 -100 2 3 true,[O-]O[C@H][N+]N(C(Br)=C1(I))N1c2nnnn2C#CX,36,5,37968,4118,-157
40 domWdegRandom true false 2 1 1800 0 5000 -400 500 3 4 true,O1OSTTS[N+](F)(O[C@]C(C)C2(C3CC=C3))N2N1,55,14,40582,2802,52
40 domWdegRandom true false 2 1 1800 2750 3250 -200 -100 2 4 true,RSO\[TH+]=C(S(TOc1sc(CN2(Br))c2c1))/[C@H],1497,701,449845,3112,-110
40 domWdegRandom true false 2 1 1800 1750 2250 -400 -300 1 3 true,N1C(Cl)(N=[TH+]O/[TH+]=C/C(X))CSSCT[C@H]1,2767,1322,1108439,2247,-343
40 maxMarginalStrength true false 2 1 1800 0 5000 -400 500 1 4 true,C1CC(=C(TC)CCTC(CCCC(CCCCCCCTCCCT))C)TC1,110,35,90467,3320,329
40 maxMarginal true false 2 1 1800 1750 2250 -400 -300 3 3 true,C1CC(C(C2CCTCC2)(C#C[N+]=O)C3TTTC3)TC1__,39,1,145580,2160,-364
40 maxMarginalLDS true false 2 1 1800 1750 2250 -400 -300 3 3 true,C1CC(C(C2CCTCC2)(C#C[N+]=O)C3TTTC3)TC1__,39,1,138980,2160,-364
40 maxMarginalStrength true false 2 1 1800 3750 4250 100 200 3 3 true,C1C(C2OC(C(OCCTCCOCOCC)C3OCCCC3)OC2)OSC1,43,1,128873,4041,111
40 domWdegRandom true false 2 1 1800 3750 4250 -200 -100 1 4 true,Clc1c([C@H]OSOC(C=T)(I))c(R)nn1T[C@@]=NOF,1018,469,185319,3905,-115
40 domWdegRandom true false 2 1 1800 2750 3250 100 200 2 3 true,Rc1nocc1C(TOCSC2(CC(T/C=C\S)))=C2OT[C@@],321,132,94087,2832,116
40 maxMarginalStrengthLDS true false 2 1 1800 3750 4250 100 200 3 4 true,C1C(C2SC(C(OCCTCCOC(C))C3CCOCC3)OC2)SSC1,41,1,125457,4063,134
40 domWdegRandom true false 2 1 1800 2750 3250 -200 -100 1 3 true,Br[C@@]#CN(X)c1snnc1[C@H]N=C[TH+](TT(R))Br,68,20,42603,3229,-172
40 domWdegRandom true false 2 1 1800 0 5000 -400 500 1 2 true,ClOC#[C@][N+]N=NN(Cl)Tc1cc(STN=[C@H]CCl)oc1,262,103,88491,3416,237
40 maxMarginalLDS true false 2 1 1800 3750 4250 -400 -300 2 4 true,C1CC(CC(CCTCC2(C(CTCTCTCOSBr)C)OOTC2))CC1,139,14,152302,4070,-306
40 maxMarginal true false 2 1 1800 3750 4250 -400 -300 2 4 true,C1CC(CC2CCSCC2(C(CTCOCTCOC=T)(TT)OBr))SC1,860,414,313794,4091,-313
40 domWdegRandom true false 2 1 1800 3750 4250 -200 -100 1 4 true,c1[nH]cnc1N(N(Br)C(C=CBr)(CCST)[TH+]=NOC)R,722,325,292660,3969,-101
40 maxMarginalStrengthLDS true false 2 1 1800 3750 4250 -400 -300 1 2 true,C1CC(C(CCTCCTCOCOCCOCCOCC#CTCTCOCTC))CC1,62,5,109110,3960,-302
40 maxMarginalStrengthLDS true false 2 1 1800 3750 4250 -200 -100 2 2 true,C1CC(C(=CTCTCCOCCTCCOCCOCCSCC2TCTC2))SC1,41,0,106319,4002,-160
40 domWdegRandom true false 2 1 1800 1750 2250 -400 -300 2 4 true,ROTCC=[TH+]c1oc(X)nc1TC2(C=NC2(=C(=O)))F,296,124,108272,2070,-338
40 domWdegRandom true false 2 1 1800 2750 3250 -200 -100 1 3 true,TTTO[C@](CC1(=C(C=CBr)Cl))=[C@@]1SOCTC=NOT,54,11,40866,3245,-113
40 domWdegRandom true false 2 1 1800 0 5000 -400 500 1 2 true,S=COT[N+]SON(X)c1c(C/C=[C@@]/[C@@H])noc1,27,1,35824,2602,62
40 domWdegRandom true false 2 1 1800 3750 4250 -200 -100 2 3 true,Ic1[nH]nnc1TTSSc2onc([C@](=C(C))CF)c2C#N,31,4,26029,4201,-182
40 domWdegRandom true false 2 1 1800 0 5000 -400 500 3 4 true,c1[nH]cc(X)c1c2[nH]c3c(TTN3)c2C(C(T))=NR,276,113,109351,1820,53
40 domWdegRandom true false 2 1 1800 2750 3250 -200 -100 2 4 true,Br/C=C(C=C=COS\C(F)=C\C1(N=C1(N2TTN2)))/C,36,2,41123,3160,-139
40 maxMarginal true false 2 1 1800 2750 3250 100 200 2 2 true,C1CC(CC#CC(CC#CTC=C=C)CCCSCTC2CTCTC2)TC1,41,0,118857,3241,136
40 domWdegRandom true false 2 1 1800 1750 2250 -400 -300 1 3 true,O1[C@H](N=NS(T))T[TH+]OC([C@]F)=[C@H]O1_,72,21,36042,1791,-300
40 domWdegRandom true false 2 1 1800 2750 3250 100 200 3 2 true,FN1OC=C[C@@]=C(c2oncn2)[C@]3(OTSCS3)O1__,1057,479,387721,2892,105
40 domWdegRandom true false 2 1 1800 3750 4250 -200 -100 3 2 true,Cc1snnc1c2nsnc2[TH+]TSTC3(C[C@](=CF)C3)Br,2788,1325,981871,3782,-174